"","time_ms","vertical_movement","hand","F0","envelope","syllable_duration","syllable_num","syllable_bs","syllable_name","STRESS_L2","STRESS_L1","stresstimeL2","stresstimeL1","stresstime","STRESS","F0_z","duration_z","envelope_z","stress_score","peakz"
"3",8,-319.456788810104,NA,0,0,NA,NA,NA,"ka-4'ak-te4",NA,NA,NA,NA,NA,NA,NA,NA,NA,NA,NA
"4",13,-319.463883372078,NA,0,0,NA,NA,NA,"ka-4'ak-te4",NA,NA,NA,NA,NA,NA,NA,NA,NA,NA,NA
"5",18,-319.467732303789,NA,0,0,NA,NA,NA,"ka-4'ak-te4",NA,NA,NA,NA,NA,NA,NA,NA,NA,NA,NA
"7",23,-319.468609478522,NA,0,0,NA,NA,NA,"ka-4'ak-te4",NA,NA,NA,NA,NA,NA,NA,NA,NA,NA,NA
"8",28,-319.466818669813,NA,0,0,NA,NA,NA,"ka-4'ak-te4",NA,NA,NA,NA,NA,NA,NA,NA,NA,NA,NA
"9",33,-319.462686668472,NA,0,0,NA,NA,NA,"ka-4'ak-te4",NA,NA,NA,NA,NA,NA,NA,NA,NA,NA,NA
"10",38,-319.456540857391,NA,0,0,NA,NA,NA,"ka-4'ak-te4",NA,NA,NA,NA,NA,NA,NA,NA,NA,NA,NA
"12",43,-319.448698628044,NA,0,0,NA,NA,NA,"ka-4'ak-te4",NA,NA,NA,NA,NA,NA,NA,NA,NA,NA,NA
"13",48,-319.439327870643,NA,0,0.00586846273226298,NA,NA,NA,"ka-4'ak-te4",NA,NA,NA,NA,NA,NA,NA,NA,NA,NA,NA
"14",53,-319.428481389036,NA,0,0.0113898811206342,NA,NA,NA,"ka-4'ak-te4",NA,NA,NA,NA,NA,NA,NA,NA,NA,NA,NA
"15",58,-319.416209026647,NA,0,0.010714517205911,NA,NA,NA,"ka-4'ak-te4",NA,NA,NA,NA,NA,NA,NA,NA,NA,NA,NA
"17",63,-319.402538600302,NA,0,0.010107294366389,NA,NA,NA,"ka-4'ak-te4",NA,NA,NA,NA,NA,NA,NA,NA,NA,NA,NA
"18",68,-319.387168343613,NA,0,0.00961459637726446,NA,NA,NA,"ka-4'ak-te4",NA,NA,NA,NA,NA,NA,NA,NA,NA,NA,NA
"19",73,-319.369542776385,NA,0,0.00925642888075364,NA,NA,NA,"ka-4'ak-te4",NA,NA,NA,NA,NA,NA,NA,NA,NA,NA,NA
"20",78,-319.349099892021,NA,0,0.00903461112370818,NA,NA,NA,"ka-4'ak-te4",NA,NA,NA,NA,NA,NA,NA,NA,NA,NA,NA
"22",83,-319.325321565749,NA,0,0.00894333868637567,NA,NA,NA,"ka-4'ak-te4",NA,NA,NA,NA,NA,NA,NA,NA,NA,NA,NA
"23",88,-319.298346274903,NA,0,0.00896577624056316,NA,NA,NA,"ka-4'ak-te4",NA,NA,NA,NA,NA,NA,NA,NA,NA,NA,NA
"24",93,-319.268817950422,NA,0,0.00906466981714799,NA,NA,NA,"ka-4'ak-te4",NA,NA,NA,NA,NA,NA,NA,NA,NA,NA,NA
"25",98,-319.237393525268,NA,0,0.00918891858411889,NA,NA,NA,"ka-4'ak-te4",NA,NA,NA,NA,NA,NA,NA,NA,NA,NA,NA
"27",103,-319.204687887703,NA,0,0.00928171660905475,NA,NA,NA,"ka-4'ak-te4",NA,NA,NA,NA,NA,NA,NA,NA,NA,NA,NA
"28",108,-319.170686812775,NA,0,0.00929926247486216,NA,NA,NA,"ka-4'ak-te4",NA,NA,NA,NA,NA,NA,NA,NA,NA,NA,NA
"29",113,-319.134891782925,NA,0,0.00923310284561163,NA,NA,NA,"ka-4'ak-te4",NA,NA,NA,NA,NA,NA,NA,NA,NA,NA,NA
"30",118,-319.096791822908,NA,0,0.00908546371771729,NA,NA,NA,"ka-4'ak-te4",NA,NA,NA,NA,NA,NA,NA,NA,NA,NA,NA
"32",123,-319.055879213438,NA,0,0.00886556769014191,NA,NA,NA,"ka-4'ak-te4",NA,NA,NA,NA,NA,NA,NA,NA,NA,NA,NA
"33",128,-319.011694953997,NA,0,0.00860935862057153,NA,NA,NA,"ka-4'ak-te4",NA,NA,NA,NA,NA,NA,NA,NA,NA,NA,NA
"34",133,-318.963817547879,NA,0,0.00836296803356613,NA,NA,NA,"ka-4'ak-te4",NA,NA,NA,NA,NA,NA,NA,NA,NA,NA,NA
"35",138,-318.9118264631,NA,0,0.00815326460114997,NA,NA,NA,"ka-4'ak-te4",NA,NA,NA,NA,NA,NA,NA,NA,NA,NA,NA
"37",143,-318.855324815546,NA,0,0.00799864603165291,NA,NA,NA,"ka-4'ak-te4",NA,NA,NA,NA,NA,NA,NA,NA,NA,NA,NA
"38",148,-318.794269563235,NA,0,0.00791654418631987,NA,NA,NA,"ka-4'ak-te4",NA,NA,NA,NA,NA,NA,NA,NA,NA,NA,NA
"39",153,-318.728890052561,NA,0,0.00790920439304398,NA,NA,NA,"ka-4'ak-te4",NA,NA,NA,NA,NA,NA,NA,NA,NA,NA,NA
"40",158,-318.659422636692,NA,0,0.00798444471778417,NA,NA,NA,"ka-4'ak-te4",NA,NA,NA,NA,NA,NA,NA,NA,NA,NA,NA
"42",163,-318.586120706378,NA,0,0.00815277771382948,NA,NA,NA,"ka-4'ak-te4",NA,NA,NA,NA,NA,NA,NA,NA,NA,NA,NA
"43",168,-318.509492585062,NA,0,0.00841610955356657,NA,NA,NA,"ka-4'ak-te4",NA,NA,NA,NA,NA,NA,NA,NA,NA,NA,NA
"44",173,-318.430242843877,NA,0,0.0087574006576857,NA,NA,NA,"ka-4'ak-te4",NA,NA,NA,NA,NA,NA,NA,NA,NA,NA,NA
"45",178,-318.349081102131,NA,0,0.0091271546155078,NA,NA,NA,"ka-4'ak-te4",NA,NA,NA,NA,NA,NA,NA,NA,NA,NA,NA
"47",183,-318.266692977941,NA,0,0.00945994517782081,NA,NA,NA,"ka-4'ak-te4",NA,NA,NA,NA,NA,NA,NA,NA,NA,NA,NA
"48",188,-318.183404960519,NA,0,0.00971334361799774,NA,NA,NA,"ka-4'ak-te4",NA,NA,NA,NA,NA,NA,NA,NA,NA,NA,NA
"49",193,-318.099267080931,NA,0,0.00988264512916631,NA,NA,NA,"ka-4'ak-te4",NA,NA,NA,NA,NA,NA,NA,NA,NA,NA,NA
"50",198,-318.014322258784,NA,0,0.00997782216674048,NA,NA,NA,"ka-4'ak-te4",NA,NA,NA,NA,NA,NA,NA,NA,NA,NA,NA
"52",203,-317.928636733858,NA,0,0.0100175494565379,NA,NA,NA,"ka-4'ak-te4",NA,NA,NA,NA,NA,NA,NA,NA,NA,NA,NA
"53",208,-317.842625684864,NA,0,0.0100234115883662,NA,NA,NA,"ka-4'ak-te4",NA,NA,NA,NA,NA,NA,NA,NA,NA,NA,NA
"54",213,-317.756972904397,NA,0,0.0100047942504604,NA,NA,NA,"ka-4'ak-te4",NA,NA,NA,NA,NA,NA,NA,NA,NA,NA,NA
"55",218,-317.672369094732,NA,0,0.00997239722841732,NA,NA,NA,"ka-4'ak-te4",NA,NA,NA,NA,NA,NA,NA,NA,NA,NA,NA
"57",223,-317.589511386628,NA,0,0.00994057209475014,NA,NA,NA,"ka-4'ak-te4",NA,NA,NA,NA,NA,NA,NA,NA,NA,NA,NA
"58",228,-317.509193100024,NA,0,0.00991041685233322,NA,NA,NA,"ka-4'ak-te4",NA,NA,NA,NA,NA,NA,NA,NA,NA,NA,NA
"59",233,-317.432281601479,NA,0,0.00987363582993065,NA,NA,NA,"ka-4'ak-te4",NA,NA,NA,NA,NA,NA,NA,NA,NA,NA,NA
"60",238,-317.359646162287,NA,0,0.00984588826693525,NA,NA,NA,"ka-4'ak-te4",NA,NA,NA,NA,NA,NA,NA,NA,NA,NA,NA
"62",243,-317.29212494763,NA,0,0.00984814765454464,NA,NA,NA,"ka-4'ak-te4",NA,NA,NA,NA,NA,NA,NA,NA,NA,NA,NA
"63",248,-317.230090683039,NA,0,0.00987414470375419,NA,NA,NA,"ka-4'ak-te4",NA,NA,NA,NA,NA,NA,NA,NA,NA,NA,NA
"64",253,-317.173557797687,NA,0,0.00991136749695488,NA,NA,NA,"ka-4'ak-te4",NA,NA,NA,NA,NA,NA,NA,NA,NA,NA,NA
"65",258,-317.122531504118,NA,0,0.00994122789033781,NA,NA,NA,"ka-4'ak-te4",NA,NA,NA,NA,NA,NA,NA,NA,NA,NA,NA
"67",263,-317.077032167853,NA,0,0.00994285132353653,NA,NA,NA,"ka-4'ak-te4",NA,NA,NA,NA,NA,NA,NA,NA,NA,NA,NA
"68",268,-317.03730688782,NA,0,0.0099077449280998,NA,NA,NA,"ka-4'ak-te4",NA,NA,NA,NA,NA,NA,NA,NA,NA,NA,NA
"69",273,-317.003777302774,NA,0,0.00986127369477523,NA,NA,NA,"ka-4'ak-te4",NA,NA,NA,NA,NA,NA,NA,NA,NA,NA,NA
"70",278,-316.97686954124,NA,0,0.00984380565376038,NA,NA,NA,"ka-4'ak-te4",NA,NA,NA,NA,NA,NA,NA,NA,NA,NA,NA
"72",283,-316.956977093958,NA,0,0.00986376166018308,NA,NA,NA,"ka-4'ak-te4",NA,NA,NA,NA,NA,NA,NA,NA,NA,NA,NA
"73",288,-316.944005093681,NA,0,0.00990582667011908,NA,NA,NA,"ka-4'ak-te4",NA,NA,NA,NA,NA,NA,NA,NA,NA,NA,NA
"74",293,-316.937482734218,NA,0,0.00995713765703204,NA,NA,NA,"ka-4'ak-te4",NA,NA,NA,NA,NA,NA,NA,NA,NA,NA,NA
"75",298,-316.936929538921,NA,0,0.0100074145267779,NA,NA,NA,"ka-4'ak-te4",NA,NA,NA,NA,NA,NA,NA,NA,NA,NA,NA
"77",303,-316.941885200313,NA,0,0.0100373933217766,NA,NA,NA,"ka-4'ak-te4",NA,NA,NA,NA,NA,NA,NA,NA,NA,NA,NA
"78",308,-316.952191201454,NA,0,0.0100460708375187,NA,NA,NA,"ka-4'ak-te4",NA,NA,NA,NA,NA,NA,NA,NA,NA,NA,NA
"79",313,-316.967921344355,NA,0,0.0100605086444355,NA,NA,NA,"ka-4'ak-te4",NA,NA,NA,NA,NA,NA,NA,NA,NA,NA,NA
"80",318,-316.989155407076,NA,0,0.0101129789883326,NA,NA,NA,"ka-4'ak-te4",NA,NA,NA,NA,NA,NA,NA,NA,NA,NA,NA
"82",323,-317.015942894788,NA,0,0.0102323083816539,NA,NA,NA,"ka-4'ak-te4",NA,NA,NA,NA,NA,NA,NA,NA,NA,NA,NA
"83",328,-317.047880340501,NA,0,0.0104377367304513,NA,NA,NA,"ka-4'ak-te4",NA,NA,NA,NA,NA,NA,NA,NA,NA,NA,NA
"84",333,-317.084215578364,NA,0,0.0107365579657773,NA,NA,NA,"ka-4'ak-te4",NA,NA,NA,NA,NA,NA,NA,NA,NA,NA,NA
"85",338,-317.124187472776,NA,0,0.0111110684561715,NA,NA,NA,"ka-4'ak-te4",NA,NA,NA,NA,NA,NA,NA,NA,NA,NA,NA
"87",343,-317.167086832536,NA,0,0.0115184731113625,NA,NA,NA,"ka-4'ak-te4",NA,NA,NA,NA,NA,NA,NA,NA,NA,NA,NA
"88",348,-317.21298170854,NA,0,0.0119122276942375,NA,NA,NA,"ka-4'ak-te4",NA,NA,NA,NA,NA,NA,NA,NA,NA,NA,NA
"89",353,-317.262538474191,NA,0,0.0122571471123083,NA,NA,NA,"ka-4'ak-te4",NA,NA,NA,NA,NA,NA,NA,NA,NA,NA,NA
"90",358,-317.316438893822,NA,0,0.0125311419350612,NA,NA,NA,"ka-4'ak-te4",NA,NA,NA,NA,NA,NA,NA,NA,NA,NA,NA
"92",363,-317.375273006069,NA,0,0.0127111445645492,NA,NA,NA,"ka-4'ak-te4",NA,NA,NA,NA,NA,NA,NA,NA,NA,NA,NA
"93",368,-317.438258361337,NA,0,0.0127651630848821,NA,NA,NA,"ka-4'ak-te4",NA,NA,NA,NA,NA,NA,NA,NA,NA,NA,NA
"94",373,-317.503555965873,NA,0,0.0126492616367362,NA,NA,NA,"ka-4'ak-te4",NA,NA,NA,NA,NA,NA,NA,NA,NA,NA,NA
"95",378,-317.569299647936,NA,0,0.0123457723763751,NA,NA,NA,"ka-4'ak-te4",NA,NA,NA,NA,NA,NA,NA,NA,NA,NA,NA
"97",383,-317.633718738186,NA,0,0.011903525012393,NA,NA,NA,"ka-4'ak-te4",NA,NA,NA,NA,NA,NA,NA,NA,NA,NA,NA
"98",388,-317.69647156611,NA,0,0.0114067325544781,NA,NA,NA,"ka-4'ak-te4",NA,NA,NA,NA,NA,NA,NA,NA,NA,NA,NA
"99",393,-317.758316507319,NA,0,0.0109392682643662,NA,NA,NA,"ka-4'ak-te4",NA,NA,NA,NA,NA,NA,NA,NA,NA,NA,NA
"100",398,-317.820040234434,NA,0,0.0105697777539418,NA,NA,NA,"ka-4'ak-te4",NA,NA,NA,NA,NA,NA,NA,NA,NA,NA,NA
"102",403,-317.882367718185,NA,0,0.0103444976267352,NA,NA,NA,"ka-4'ak-te4",NA,NA,NA,NA,NA,NA,NA,NA,NA,NA,NA
"103",408,-317.945100686224,NA,0,0.0102704470642663,NA,NA,NA,"ka-4'ak-te4",NA,NA,NA,NA,NA,NA,NA,NA,NA,NA,NA
"104",413,-318.007330151852,NA,0,0.0103176748438915,NA,NA,NA,"ka-4'ak-te4",NA,NA,NA,NA,NA,NA,NA,NA,NA,NA,NA
"105",418,-318.068128846329,NA,0,0.0104438655212671,NA,NA,NA,"ka-4'ak-te4",NA,NA,NA,NA,NA,NA,NA,NA,NA,NA,NA
"107",423,-318.126631625075,NA,0,0.0106000684439137,NA,NA,NA,"ka-4'ak-te4",NA,NA,NA,NA,NA,NA,NA,NA,NA,NA,NA
"108",428,-318.182902904996,NA,0,0.0107339873952182,NA,NA,NA,"ka-4'ak-te4",NA,NA,NA,NA,NA,NA,NA,NA,NA,NA,NA
"109",433,-318.237722681275,NA,0,0.0107998146520901,NA,NA,NA,"ka-4'ak-te4",NA,NA,NA,NA,NA,NA,NA,NA,NA,NA,NA
"110",438,-318.29188935625,NA,0,0.0107710911160879,NA,NA,NA,"ka-4'ak-te4",NA,NA,NA,NA,NA,NA,NA,NA,NA,NA,NA
"112",444,-318.356923946264,NA,0,0.010651729009889,NA,NA,NA,"ka-4'ak-te4",NA,NA,NA,NA,NA,NA,NA,NA,NA,NA,NA
"113",449,-318.410100549185,NA,0,0.0104731349224238,NA,NA,NA,"ka-4'ak-te4",NA,NA,NA,NA,NA,NA,NA,NA,NA,NA,NA
"114",454,-318.460380600965,NA,0,0.0102781870212675,NA,NA,NA,"ka-4'ak-te4",NA,NA,NA,NA,NA,NA,NA,NA,NA,NA,NA
"115",459,-318.505896760982,NA,0,0.0101196257296087,NA,NA,NA,"ka-4'ak-te4",NA,NA,NA,NA,NA,NA,NA,NA,NA,NA,NA
"117",464,-318.545119314283,NA,0,0.0100632163837555,NA,NA,NA,"ka-4'ak-te4",NA,NA,NA,NA,NA,NA,NA,NA,NA,NA,NA
"118",469,-318.57901381059,NA,0,0.0101647919087178,NA,NA,NA,"ka-4'ak-te4",NA,NA,NA,NA,NA,NA,NA,NA,NA,NA,NA
"119",474,-318.609664184641,NA,0,0.0104560304460034,NA,NA,NA,"ka-4'ak-te4",NA,NA,NA,NA,NA,NA,NA,NA,NA,NA,NA
"120",479,-318.639159646575,NA,0,0.0109349973960765,NA,NA,NA,"ka-4'ak-te4",NA,NA,NA,NA,NA,NA,NA,NA,NA,NA,NA
"122",484,-318.669308684604,NA,0,0.0115552052796283,NA,NA,NA,"ka-4'ak-te4",NA,NA,NA,NA,NA,NA,NA,NA,NA,NA,NA
"123",489,-318.699845076454,NA,0,0.012229710033317,NA,NA,NA,"ka-4'ak-te4",NA,NA,NA,NA,NA,NA,NA,NA,NA,NA,NA
"124",494,-318.72957270847,NA,0,0.0128609672449651,NA,NA,NA,"ka-4'ak-te4",NA,NA,NA,NA,NA,NA,NA,NA,NA,NA,NA
"125",499,-318.757291080717,NA,0,0.0133748365764587,NA,NA,NA,"ka-4'ak-te4",NA,NA,NA,NA,NA,NA,NA,NA,NA,NA,NA
"127",504,-318.782005499301,NA,0,0.0137184507239214,NA,NA,NA,"ka-4'ak-te4",NA,NA,NA,NA,NA,NA,NA,NA,NA,NA,NA
"128",509,-318.804242305594,NA,0,0.0138691309502131,NA,NA,NA,"ka-4'ak-te4",NA,NA,NA,NA,NA,NA,NA,NA,NA,NA,NA
"129",514,-318.825209573479,NA,0,0.0138440334823193,NA,NA,NA,"ka-4'ak-te4",NA,NA,NA,NA,NA,NA,NA,NA,NA,NA,NA
"130",519,-318.846118592556,NA,0,0.0136757938998355,NA,NA,NA,"ka-4'ak-te4",NA,NA,NA,NA,NA,NA,NA,NA,NA,NA,NA
"132",524,-318.867953862193,NA,0,0.01340315313395,NA,NA,NA,"ka-4'ak-te4",NA,NA,NA,NA,NA,NA,NA,NA,NA,NA,NA
"133",529,-318.890023760169,NA,0,0.0130756465935856,NA,NA,NA,"ka-4'ak-te4",NA,NA,NA,NA,NA,NA,NA,NA,NA,NA,NA
"134",534,-318.910885421614,NA,0,0.0127394009840534,NA,NA,NA,"ka-4'ak-te4",NA,NA,NA,NA,NA,NA,NA,NA,NA,NA,NA
"135",539,-318.929092438057,NA,0,0.0124371291790789,NA,NA,NA,"ka-4'ak-te4",NA,NA,NA,NA,NA,NA,NA,NA,NA,NA,NA
"137",544,-318.943498667929,NA,0,0.0122103596314012,NA,NA,NA,"ka-4'ak-te4",NA,NA,NA,NA,NA,NA,NA,NA,NA,NA,NA
"138",549,-318.955177129729,NA,0,0.0120906733126366,NA,NA,NA,"ka-4'ak-te4",NA,NA,NA,NA,NA,NA,NA,NA,NA,NA,NA
"139",554,-318.966195476064,NA,0,0.0120748038944646,NA,NA,NA,"ka-4'ak-te4",NA,NA,NA,NA,NA,NA,NA,NA,NA,NA,NA
"140",559,-318.978626051215,NA,0,0.0121205140556459,NA,NA,NA,"ka-4'ak-te4",NA,NA,NA,NA,NA,NA,NA,NA,NA,NA,NA
"142",564,-318.994193866091,NA,0,0.0121839969783449,NA,NA,NA,"ka-4'ak-te4",NA,NA,NA,NA,NA,NA,NA,NA,NA,NA,NA
"143",569,-319.012056920916,NA,0,0.0122497693790636,NA,NA,NA,"ka-4'ak-te4",NA,NA,NA,NA,NA,NA,NA,NA,NA,NA,NA
"144",574,-319.030222674128,NA,0,0.0123346261437293,NA,NA,NA,"ka-4'ak-te4",NA,NA,NA,NA,NA,NA,NA,NA,NA,NA,NA
"145",579,-319.046693157081,NA,0,0.0124680910524218,NA,NA,NA,"ka-4'ak-te4",NA,NA,NA,NA,NA,NA,NA,NA,NA,NA,NA
"147",584,-319.059703723706,NA,0,0.0126727056042166,NA,NA,NA,"ka-4'ak-te4",NA,NA,NA,NA,NA,NA,NA,NA,NA,NA,NA
"148",589,-319.069214127606,NA,0,0.0129536251661148,NA,NA,NA,"ka-4'ak-te4",NA,NA,NA,NA,NA,NA,NA,NA,NA,NA,NA
"149",594,-319.075957003422,NA,0,0.0132884649720787,NA,NA,NA,"ka-4'ak-te4",NA,NA,NA,NA,NA,NA,NA,NA,NA,NA,NA
"150",599,-319.080668631459,NA,0,0.0136328483362445,NA,NA,NA,"ka-4'ak-te4",NA,NA,NA,NA,NA,NA,NA,NA,NA,NA,NA
"152",604,-319.083875527084,NA,0,0.0139403665527925,NA,NA,NA,"ka-4'ak-te4",NA,NA,NA,NA,NA,NA,NA,NA,NA,NA,NA
"153",609,-319.084553911659,NA,0,0.0141677037143529,NA,NA,NA,"ka-4'ak-te4",NA,NA,NA,NA,NA,NA,NA,NA,NA,NA,NA
"154",614,-319.080985160184,NA,0,0.0142792916068554,NA,NA,NA,"ka-4'ak-te4",NA,NA,NA,NA,NA,NA,NA,NA,NA,NA,NA
"155",619,-319.071447370082,NA,0,0.0142530691011206,NA,NA,NA,"ka-4'ak-te4",NA,NA,NA,NA,NA,NA,NA,NA,NA,NA,NA
"157",624,-319.054471927958,NA,0,0.0140718476441975,NA,NA,NA,"ka-4'ak-te4",NA,NA,NA,NA,NA,NA,NA,NA,NA,NA,NA
"158",629,-319.030462185759,NA,0,0.0137334846133111,NA,NA,NA,"ka-4'ak-te4",NA,NA,NA,NA,NA,NA,NA,NA,NA,NA,NA
"159",634,-319.000660515843,NA,0,0.0132730382856228,NA,NA,NA,"ka-4'ak-te4",NA,NA,NA,NA,NA,NA,NA,NA,NA,NA,NA
"160",639,-318.966313248212,NA,0,0.01275221369416,NA,NA,NA,"ka-4'ak-te4",NA,NA,NA,NA,NA,NA,NA,NA,NA,NA,NA
"162",644,-318.928380825086,NA,0,0.0122431931923298,NA,NA,NA,"ka-4'ak-te4",NA,NA,NA,NA,NA,NA,NA,NA,NA,NA,NA
"163",649,-318.885710799306,NA,0,0.0118236274443048,NA,NA,NA,"ka-4'ak-te4",NA,NA,NA,NA,NA,NA,NA,NA,NA,NA,NA
"164",654,-318.836203720443,NA,0,0.0115758197349084,NA,NA,NA,"ka-4'ak-te4",NA,NA,NA,NA,NA,NA,NA,NA,NA,NA,NA
"165",659,-318.77775567107,NA,0,0.0115764920179816,NA,NA,NA,"ka-4'ak-te4",NA,NA,NA,NA,NA,NA,NA,NA,NA,NA,NA
"167",664,-318.7085261797,NA,0,0.0118598416292066,NA,NA,NA,"ka-4'ak-te4",NA,NA,NA,NA,NA,NA,NA,NA,NA,NA,NA
"168",669,-318.628621805016,NA,0,0.0123962378476234,NA,NA,NA,"ka-4'ak-te4",NA,NA,NA,NA,NA,NA,NA,NA,NA,NA,NA
"169",674,-318.539021770384,NA,0,0.0130984895534911,NA,NA,NA,"ka-4'ak-te4",NA,NA,NA,NA,NA,NA,NA,NA,NA,NA,NA
"170",679,-318.44070941551,NA,0,0.0138530790306376,NA,NA,NA,"ka-4'ak-te4",NA,NA,NA,NA,NA,NA,NA,NA,NA,NA,NA
"172",684,-318.334405464114,NA,0,0.0145469910039331,NA,NA,NA,"ka-4'ak-te4",NA,NA,NA,NA,NA,NA,NA,NA,NA,NA,NA
"173",689,-318.218889743628,NA,0,0.0150892521420555,NA,NA,NA,"ka-4'ak-te4",NA,NA,NA,NA,NA,NA,NA,NA,NA,NA,NA
"174",694,-318.092072166023,NA,0,0.0154199875203104,NA,NA,NA,"ka-4'ak-te4",NA,NA,NA,NA,NA,NA,NA,NA,NA,NA,NA
"175",699,-317.951858539893,NA,0,0.0154996274298494,NA,NA,NA,"ka-4'ak-te4",NA,NA,NA,NA,NA,NA,NA,NA,NA,NA,NA
"177",704,-317.796255483844,NA,0,0.0153210627204101,NA,NA,NA,"ka-4'ak-te4",NA,NA,NA,NA,NA,NA,NA,NA,NA,NA,NA
"178",709,-317.624014665471,NA,0,0.0149178815807542,NA,NA,NA,"ka-4'ak-te4",NA,NA,NA,NA,NA,NA,NA,NA,NA,NA,NA
"179",714,-317.434221685526,NA,0,0.0143482649175389,NA,NA,NA,"ka-4'ak-te4",NA,NA,NA,NA,NA,NA,NA,NA,NA,NA,NA
"180",719,-317.22596371992,NA,0,0.0136737804524876,NA,NA,NA,"ka-4'ak-te4",NA,NA,NA,NA,NA,NA,NA,NA,NA,NA,NA
"182",724,-316.998006072509,NA,0,0.0129608339748971,NA,NA,NA,"ka-4'ak-te4",NA,NA,NA,NA,NA,NA,NA,NA,NA,NA,NA
"183",729,-316.746735211488,NA,0,0.0122860009369288,NA,NA,NA,"ka-4'ak-te4",NA,NA,NA,NA,NA,NA,NA,NA,NA,NA,NA
"184",734,-316.467471403873,NA,0,0.0117141852862555,NA,NA,NA,"ka-4'ak-te4",NA,NA,NA,NA,NA,NA,NA,NA,NA,NA,NA
"185",739,-316.155529887426,NA,0,0.0112884898982122,NA,NA,NA,"ka-4'ak-te4",NA,NA,NA,NA,NA,NA,NA,NA,NA,NA,NA
"187",744,-315.806605538121,NA,0,0.0110583013172712,NA,NA,NA,"ka-4'ak-te4",NA,NA,NA,NA,NA,NA,NA,NA,NA,NA,NA
"188",749,-315.419198995577,NA,0,0.0110658570089836,NA,NA,NA,"ka-4'ak-te4",NA,NA,NA,NA,NA,NA,NA,NA,NA,NA,NA
"189",754,-314.993068450983,NA,0,0.0113138943336084,NA,NA,NA,"ka-4'ak-te4",NA,NA,NA,NA,NA,NA,NA,NA,NA,NA,NA
"190",759,-314.527978027376,NA,0,0.0117696922502853,NA,NA,NA,"ka-4'ak-te4",NA,NA,NA,NA,NA,NA,NA,NA,NA,NA,NA
"192",764,-314.023246719007,NA,0,0.0123791103700699,NA,NA,NA,"ka-4'ak-te4",NA,NA,NA,NA,NA,NA,NA,NA,NA,NA,NA
"193",769,-313.474903740204,NA,0,0.0130762724811661,NA,NA,NA,"ka-4'ak-te4",NA,NA,NA,NA,NA,NA,NA,NA,NA,NA,NA
"194",774,-312.877503816195,NA,0,0.0137935138605621,NA,NA,NA,"ka-4'ak-te4",NA,NA,NA,NA,NA,NA,NA,NA,NA,NA,NA
"195",779,-312.225594717071,NA,0,0.0144581972099655,NA,NA,NA,"ka-4'ak-te4",NA,NA,NA,NA,NA,NA,NA,NA,NA,NA,NA
"197",784,-311.515178145851,NA,0,0.0150010411898252,NA,NA,NA,"ka-4'ak-te4",NA,NA,NA,NA,NA,NA,NA,NA,NA,NA,NA
"198",789,-310.753001278607,NA,0,0.0153715383946909,NA,NA,NA,"ka-4'ak-te4",NA,NA,NA,NA,NA,NA,NA,NA,NA,NA,NA
"199",794,-309.950627444237,NA,0,0.0155351425384514,NA,NA,NA,"ka-4'ak-te4",NA,NA,NA,NA,NA,NA,NA,NA,NA,NA,NA
"200",799,-309.119642689341,NA,0,0.0154833882496528,NA,NA,NA,"ka-4'ak-te4",NA,NA,NA,NA,NA,NA,NA,NA,NA,NA,NA
"202",804,-308.27141778559,NA,0,0.0152415622503557,NA,NA,NA,"ka-4'ak-te4",NA,NA,NA,NA,NA,NA,NA,NA,NA,NA,NA
"203",809,-307.415732488368,NA,0,0.0148303935853783,NA,NA,NA,"ka-4'ak-te4",NA,NA,NA,NA,NA,NA,NA,NA,NA,NA,NA
"204",814,-306.561653454857,NA,0,0.0142529348567887,NA,NA,NA,"ka-4'ak-te4",NA,NA,NA,NA,NA,NA,NA,NA,NA,NA,NA
"205",819,-305.718243978564,NA,0,0.0135497066084479,NA,NA,NA,"ka-4'ak-te4",NA,NA,NA,NA,NA,NA,NA,NA,NA,NA,NA
"207",824,-304.895231863791,NA,0,0.0128071881872154,NA,NA,NA,"ka-4'ak-te4",NA,NA,NA,NA,NA,NA,NA,NA,NA,NA,NA
"208",829,-304.107256064921,NA,0,0.0121118175524332,NA,NA,NA,"ka-4'ak-te4",NA,NA,NA,NA,NA,NA,NA,NA,NA,NA,NA
"209",834,-303.371156728337,NA,0,0.0115258050083344,NA,NA,NA,"ka-4'ak-te4",NA,NA,NA,NA,NA,NA,NA,NA,NA,NA,NA
"210",839,-302.703784383404,NA,0,0.0110808518302842,NA,NA,NA,"ka-4'ak-te4",NA,NA,NA,NA,NA,NA,NA,NA,NA,NA,NA
"212",844,-302.122634407246,NA,0,0.0107664518890016,NA,NA,NA,"ka-4'ak-te4",NA,NA,NA,NA,NA,NA,NA,NA,NA,NA,NA
"213",849,-301.649968004949,NA,0,0.0105549943089466,NA,NA,NA,"ka-4'ak-te4",NA,NA,NA,NA,NA,NA,NA,NA,NA,NA,NA
"214",854,-301.310182439797,NA,0,0.0104317576483032,NA,NA,NA,"ka-4'ak-te4",NA,NA,NA,NA,NA,NA,NA,NA,NA,NA,NA
"215",859,-301.12768505082,NA,0,0.0103804888918313,NA,NA,NA,"ka-4'ak-te4",NA,NA,NA,NA,NA,NA,NA,NA,NA,NA,NA
"217",864,-301.128188587223,NA,0,0.0103869435718359,NA,NA,NA,"ka-4'ak-te4",NA,NA,NA,NA,NA,NA,NA,NA,NA,NA,NA
"218",869,-301.347053595283,NA,0,0.0104602206199814,NA,NA,NA,"ka-4'ak-te4",NA,NA,NA,NA,NA,NA,NA,NA,NA,NA,NA
"219",874,-301.823964792477,NA,0,0.0106046094779536,NA,NA,NA,"ka-4'ak-te4",NA,NA,NA,NA,NA,NA,NA,NA,NA,NA,NA
"220",879,-302.598627293317,NA,0,0.0108410283669339,NA,NA,NA,"ka-4'ak-te4",NA,NA,NA,NA,NA,NA,NA,NA,NA,NA,NA
"222",885,-303.971801831106,NA,0,0.0122487449418278,NA,NA,NA,"ka-4'ak-te4",NA,NA,NA,NA,NA,NA,NA,NA,NA,NA,NA
"223",890,-305.503780306194,NA,0,0.0152117977120049,NA,NA,NA,"ka-4'ak-te4",NA,NA,NA,NA,NA,NA,NA,NA,NA,NA,NA
"224",895,-307.396282628185,NA,0,0.0198794794397137,100,1,NA,"ka-4'ak-te4",NA,NA,NA,NA,NA,NA,-1.22108769207779,-0.910417416352842,-1.24671856041645,0.775986050119436,NA
"225",900,-309.656872,NA,0,0.0260050048108774,100,1,NA,"ka-4'ak-te4",NA,NA,NA,NA,NA,NA,-1.22108769207779,-0.910417416352842,-1.22405551963387,0.775986050119436,NA
"226",905,-312.302621811375,NA,0,0.0331180286781758,100,1,NA,"ka-4'ak-te4",NA,NA,NA,NA,NA,NA,-1.22108769207779,-0.910417416352842,-1.19773896060843,0.775986050119436,NA
"227",910,-315.388646199297,NA,0,0.0406838917925973,100,1,NA,"ka-4'ak-te4",NA,NA,NA,NA,NA,NA,-1.22108769207779,-0.910417416352842,-1.16974700009436,0.775986050119436,NA
"228",915,-318.979569487572,NA,0,0.0481688918513498,100,1,NA,"ka-4'ak-te4",NA,NA,NA,NA,NA,NA,-1.22108769207779,-0.910417416352842,-1.14205421436406,0.775986050119436,NA
"229",920,-323.140016,NA,0,0.0551893131979942,100,1,NA,"ka-4'ak-te4",NA,NA,NA,NA,NA,NA,-1.22108769207779,-0.910417416352842,-1.11608026345384,0.775986050119436,NA
"230",925,-327.931520423396,NA,0,0.0623357992370719,100,1,NA,"ka-4'ak-te4",NA,NA,NA,NA,NA,NA,-1.22108769207779,-0.910417416352842,-1.08963990205754,0.775986050119436,NA
"231",930,-333.403258896616,NA,0,0.0725387680755146,100,1,NA,"ka-4'ak-te4",NA,NA,NA,NA,NA,NA,-1.22108769207779,-0.910417416352842,-1.0518912544105,0.775986050119436,NA
"232",935,-339.601317921529,NA,0,0.0910919603839532,100,1,NA,"ka-4'ak-te4",NA,NA,NA,NA,NA,NA,-1.22108769207779,-0.910417416352842,-0.983248692596522,0.775986050119436,NA
"233",940,-346.571784,NA,0,0.123658691926662,100,1,NA,"ka-4'ak-te4",NA,NA,NA,NA,NA,NA,-1.22108769207779,-0.910417416352842,-0.862759245506436,0.775986050119436,NA
"234",945,-354.355168870041,NA,0,0.174194063850316,100,1,NA,"ka-4'ak-te4",NA,NA,NA,NA,NA,NA,-1.22108769207779,-0.910417416352842,-0.675789944838743,0.775986050119436,NA
"235",950,-362.969685214237,NA,0,0.244241992031301,100,1,NA,"ka-4'ak-te4",NA,NA,NA,NA,NA,NA,-1.22108769207779,-0.910417416352842,-0.416628655494607,0.775986050119436,NA
"236",955,-372.427970951314,NA,0,0.332535320588308,100,1,NA,"ka-4'ak-te4",NA,NA,NA,NA,NA,NA,-1.22108769207779,-0.910417416352842,-0.0899635639847198,0.775986050119436,NA
"237",960,-382.742664,NA,0,0.435111185942809,100,1,NA,"ka-4'ak-te4",NA,NA,NA,NA,NA,NA,-1.22108769207779,-0.910417416352842,0.289543642169588,0.775986050119436,NA
"238",965,-393.921805096438,NA,0,0.546137055436246,100,1,NA,"ka-4'ak-te4",NA,NA,NA,NA,NA,NA,-1.22108769207779,-0.910417416352842,0.700313928110518,0.775986050119436,NA
"239",970,-405.955046246435,NA,0,0.658668817954974,100,1,NA,"ka-4'ak-te4",NA,NA,NA,NA,NA,NA,-1.22108769207779,-0.910417416352842,1.11665567331061,0.775986050119436,NA
"240",975,-418.827442273215,NA,0,0.765209052700593,100,1,NA,"ka-4'ak-te4",NA,NA,NA,NA,NA,NA,-1.22108769207779,-0.910417416352842,1.51083013814791,0.775986050119436,NA
"241",980,-432.524048,NA,0,0.858615872550106,100,1,NA,"ka-4'ak-te4",NA,NA,NA,NA,NA,NA,-1.22108769207779,-0.910417416352842,1.85641397616222,0.775986050119436,NA
"242",985,-447.037131619207,NA,0,0.931958529725158,100,1,NA,"ka-4'ak-te4",NA,NA,NA,NA,NA,NA,-1.22108769207779,-0.910417416352842,2.12776500810567,0.775986050119436,NA
"243",990,-462.387814800022,NA,221.703983306885,0.979883629875533,100,1,NA,"ka-4'ak-te4",NA,NA,NA,NA,NA,NA,0.882387432713559,-0.910417416352842,2.30507690111167,0.775986050119436,NA
"244",995,-478.604432580827,NA,218.539485931396,1,100,1,NA,"ka-4'ak-te4",NA,NA,NA,NA,NA,NA,0.852363427675304,-0.910417416352842,2.37950286278909,0.775986050119436,NA
"245",1000,-495.71532,NA,216.066486358643,0.992673290061096,100,1,NA,"ka-4'ak-te4",NA,NA,NA,NA,NA,NA,0.828900190762204,-0.910417416352842,2.35239571424487,0.775986050119436,NA
"246",1005,-513.722845051735,NA,214.215991973877,0.961060438830621,100,1,NA,"ka-4'ak-te4",NA,NA,NA,NA,NA,NA,0.811343136311213,-0.910417416352842,2.23543540581767,0.775986050119436,NA
"247",1010,-532.525507553475,NA,213.605571746826,0.910715397494831,100,1,NA,"ka-4'ak-te4",NA,NA,NA,NA,NA,NA,0.805551613109334,-0.910417416352842,2.04917028472863,0.775986050119436,NA
"248",1015,-551.995840278478,NA,212.678573608398,0.848955739280241,100,1,NA,"ka-4'ak-te4",NA,NA,NA,NA,NA,NA,0.796756473320567,-0.910417416352842,1.82067369577896,0.775986050119436,NA
"249",1020,-572.006376,NA,211.562068939209,0.783976949959989,100,1,NA,"ka-4'ak-te4",NA,NA,NA,NA,NA,NA,0.7861633402459,-0.910417416352842,1.58026705910089,0.775986050119436,NA
"250",1025,-592.429663298854,NA,210.546962738037,0.723346590950837,100,1,NA,"ka-4'ak-te4",NA,NA,NA,NA,NA,NA,0.776532251930131,-0.910417416352842,1.35594861853815,0.775986050119436,NA
"251",1030,-613.138313986077,NA,210.163414001465,0.6717677667194,100,1,NA,"ka-4'ak-te4",NA,NA,NA,NA,NA,NA,0.772893231942799,-0.910417416352842,1.16511878334107,0.775986050119436,NA
"252",1035,-634.004955680262,NA,210.803077697754,0.63020256843474,100,1,NA,"ka-4'ak-te4",NA,NA,NA,NA,NA,NA,0.778962210286384,-0.910417416352842,1.01133707046207,0.775986050119436,NA
"253",1040,-654.902216,NA,211.684356689453,0.597114896730975,100,1,NA,"ka-4'ak-te4",NA,NA,NA,NA,NA,NA,0.787323577589716,-0.910417416352842,0.888920264100756,0.775986050119436,NA
"254",1045,-675.709176752848,NA,212.417369842529,0.569730430392599,100,1,NA,"ka-4'ak-te4",NA,NA,NA,NA,NA,NA,0.794278233571274,-0.910417416352842,0.787604011235746,0.775986050119436,NA
"255",1050,-696.330736502215,NA,212.271118164062,0.544912850601967,100,1,NA,"ka-4'ak-te4",NA,NA,NA,NA,NA,NA,0.792890632126207,-0.910417416352842,0.695784650635625,0.775986050119436,NA
"256",1055,-716.678248000475,NA,212.510448455811,0.520094669129472,100,1,NA,"ka-4'ak-te4",NA,NA,NA,NA,NA,NA,0.795161341509918,-0.910417416352842,0.603963063950432,0.775986050119436,NA
"257",1060,-736.663064,NA,212.864738464355,0.493759026027671,100,1,NA,"ka-4'ak-te4",NA,NA,NA,NA,NA,NA,0.79852276158375,-0.910417416352842,0.506527216821085,0.775986050119436,NA
"258",1065,-756.201031564754,NA,211.876605987549,0.465611164647059,100,1,NA,"ka-4'ak-te4",NA,NA,NA,NA,NA,NA,0.789147593605446,-0.910417416352842,0.402386577160317,0.775986050119436,NA
"259",1070,-775.225975005061,NA,210.864486694336,0.436812132798607,100,1,NA,"ka-4'ak-te4",NA,NA,NA,NA,NA,NA,0.779544844368199,-0.910417416352842,0.295836755923293,0.775986050119436,NA
"260",1075,-793.676212942838,NA,210.097991943359,0.409509596887919,100,1,NA,"ka-4'ak-te4",NA,NA,NA,NA,NA,NA,0.772272522879367,-0.910417416352842,0.194823626874043,0.775986050119436,NA
"261",1080,-811.490064,NA,209.603946685791,0.385844045234797,100,1,NA,"ka-4'ak-te4",NA,NA,NA,NA,NA,NA,0.76758513795143,-0.910417416352842,0.107266506503305,0.775986050119436,NA
"262",1085,-828.589536988138,NA,206.158332824707,0.367619289409888,220,2,NA,"ka-4'ak-te4","STRESS L2","STRESS L1",NA,NA,NA,"STRESSED SYLLABLE",0.734893965973731,1.31030225168053,0.0398390844479059,1.16739281787201,NA
"263",1090,-844.831401477541,NA,197.622528076172,0.356094689949376,220,2,NA,"ka-4'ak-te4","STRESS L2","STRESS L1",NA,NA,NA,"STRESSED SYLLABLE",0.653908262916847,1.31030225168053,-0.0027992937728485,1.16739281787201,NA
"264",1095,-860.056117228173,NA,190.904163360596,0.35141006051282,220,2,NA,"ka-4'ak-te4","STRESS L2","STRESS L1",NA,NA,NA,"STRESSED SYLLABLE",0.590166002413892,1.31030225168053,-0.0201313496438018,1.16739281787201,NA
"265",1100,-874.104144,NA,187.433326721191,0.352947135639669,220,2,NA,"ka-4'ak-te4","STRESS L2","STRESS L1",NA,NA,NA,"STRESSED SYLLABLE",0.557235522661999,1.31030225168053,-0.0144445237513365,1.16739281787201,NA
"266",1105,-886.846326857696,NA,189.248271942139,0.36003491635263,220,2,NA,"ka-4'ak-te4","STRESS L2","STRESS L1",NA,NA,NA,"STRESSED SYLLABLE",0.574455295027735,1.31030225168053,0.0117786413851582,1.16739281787201,NA
"267",1110,-898.275052084777,NA,202.247695922852,0.372097270335521,220,2,NA,"ka-4'ak-te4","STRESS L2","STRESS L1",NA,NA,NA,"STRESSED SYLLABLE",0.697790765018799,1.31030225168053,0.0564065881626056,1.16739281787201,NA
"268",1115,-908.413091269469,NA,215.577907562256,0.388469588576412,220,2,NA,"ka-4'ak-te4","STRESS L2","STRESS L1",NA,NA,NA,"STRESSED SYLLABLE",0.824264670329189,1.31030225168053,0.116980415469804,1.16739281787201,NA
"269",1120,-917.283216,NA,218.301414489746,0.408254512428799,220,2,NA,"ka-4'ak-te4","STRESS L2","STRESS L1",NA,NA,NA,"STRESSED SYLLABLE",0.850104661964534,1.31030225168053,0.190180101860415,1.16739281787201,NA
"270",1125,-924.911145706079,NA,215.148914337158,0.43024785339971,220,2,NA,"ka-4'ak-te4","STRESS L2","STRESS L1",NA,NA,NA,"STRESSED SYLLABLE",0.820194483748698,1.31030225168053,0.271550425737512,1.16739281787201,NA
"271",1130,-931.334391183353,NA,211.212432861328,0.453188501020561,220,2,NA,"ka-4'ak-te4","STRESS L2","STRESS L1",NA,NA,NA,"STRESSED SYLLABLE",0.782846075569,1.31030225168053,0.35642556723275,1.16739281787201,NA
"272",1135,-936.59341106895,NA,206.976818084717,0.476142026160755,220,2,NA,"ka-4'ak-te4","STRESS L2","STRESS L1",NA,NA,NA,"STRESSED SYLLABLE",0.742659561155013,1.31030225168053,0.441348352599875,1.16739281787201,NA
"273",1140,-940.728664,NA,204.54753112793,0.498608082509232,220,2,NA,"ka-4'ak-te4","STRESS L2","STRESS L1",NA,NA,NA,"STRESSED SYLLABLE",0.71961105923654,1.31030225168053,0.524467615095491,1.16739281787201,NA
"274",1145,-943.774826317987,NA,208.045471191406,0.52090537319225,220,2,NA,"ka-4'ak-te4","STRESS L2","STRESS L1",NA,NA,NA,"STRESSED SYLLABLE",0.75279868988614,1.31030225168053,0.606962483285763,1.16739281787201,NA
"275",1150,-945.743445181811,NA,216.153213500977,0.543755462413114,220,2,NA,"ka-4'ak-te4","STRESS L2","STRESS L1",NA,NA,NA,"STRESSED SYLLABLE",0.82972303744192,1.31030225168053,0.691502579444027,1.16739281787201,NA
"276",1155,-946.64028545473,NA,221.829040527344,0.567847226058782,220,2,NA,"ka-4'ak-te4","STRESS L2","STRESS L1",NA,NA,NA,"STRESSED SYLLABLE",0.883573946137844,1.31030225168053,0.780636586560609,1.16739281787201,"beat"
"277",1160,-946.471112,NA,223.027755737305,0.593529412601525,220,2,NA,"ka-4'ak-te4","STRESS L2","STRESS L1",NA,NA,NA,"STRESSED SYLLABLE",0.894947073441433,1.31030225168053,0.875654794099839,1.16739281787201,NA
"278",1165,-945.238215146974,NA,223.344058990479,0.620235670514714,220,2,NA,"ka-4'ak-te4","STRESS L2","STRESS L1",NA,NA,NA,"STRESSED SYLLABLE",0.897948084136043,1.31030225168053,0.974461831139627,1.16739281787201,NA
"279",1170,-942.929987089401,NA,223.974159240723,0.646077329624886,220,2,NA,"ka-4'ak-te4","STRESS L2","STRESS L1",NA,NA,NA,"STRESSED SYLLABLE",0.903926326758228,1.31030225168053,1.07007005065014,1.16739281787201,NA
"280",1175,-939.531345487128,NA,224.210861206055,0.66847369955465,220,2,NA,"ka-4'ak-te4","STRESS L2","STRESS L1",NA,NA,NA,"STRESSED SYLLABLE",0.906172099200557,1.31030225168053,1.15293148935863,1.16739281787201,NA
"281",1180,-935.027208,NA,224.48556137085,0.684905782248499,220,2,NA,"ka-4'ak-te4","STRESS L2","STRESS L1",NA,NA,NA,"STRESSED SYLLABLE",0.908778389600953,1.31030225168053,1.21372643145234,1.16739281787201,NA
"282",1185,-929.424724094117,NA,225.132038116455,0.693429114570671,220,2,NA,"ka-4'ak-te4","STRESS L2","STRESS L1","L2 peak","L1 peak","STRESS","STRESSED SYLLABLE",0.914912008550211,1.31030225168053,1.24526080872065,1.16739281787201,NA
"283",1190,-922.819970460583,NA,225.531623840332,0.692953397310305,220,2,NA,"ka-4'ak-te4","STRESS L2","STRESS L1",NA,NA,NA,"STRESSED SYLLABLE",0.918703183692218,1.31030225168053,1.24350076382338,1.16739281787201,NA
"284",1195,-915.331255596759,NA,225.418441772461,0.683292162054503,220,2,NA,"ka-4'ak-te4","STRESS L2","STRESS L1",NA,NA,NA,"STRESSED SYLLABLE",0.917629338916007,1.31030225168053,1.20775640634457,1.16739281787201,NA
"285",1200,-907.076888,NA,225.603687286377,0.664559593994893,220,2,NA,"ka-4'ak-te4","STRESS L2","STRESS L1",NA,NA,NA,"STRESSED SYLLABLE",0.919386904678648,1.31030225168053,1.13845019533842,1.16739281787201,NA
"286",1205,-898.15052785156,NA,226.19921875,0.636772299052266,220,2,NA,"ka-4'ak-te4","STRESS L2","STRESS L1",NA,NA,NA,"STRESSED SYLLABLE",0.925037166803293,1.31030225168053,1.03564356890815,1.16739281787201,NA
"287",1210,-888.547242068266,NA,226.570682525635,0.600131374403052,220,2,NA,"ka-4'ak-te4","STRESS L2","STRESS L1",NA,NA,NA,"STRESSED SYLLABLE",0.928561527530394,1.31030225168053,0.900080540543954,1.16739281787201,NA
"288",1215,-878.237449250838,NA,226.204727172852,0.555329631189575,220,2,NA,"ka-4'ak-te4","STRESS L2","STRESS L1",NA,NA,NA,"STRESSED SYLLABLE",0.925089429420645,1.31030225168053,0.734324352779627,1.16739281787201,NA
"289",1220,-867.191568,NA,224.088863372803,0.503688146175104,220,2,NA,"ka-4'ak-te4","STRESS L2","STRESS L1",NA,NA,NA,"STRESSED SYLLABLE",0.905014612520813,1.31030225168053,0.543262687038177,1.16739281787201,NA
"290",1225,-855.388746249644,NA,221.266975402832,0.447134711660819,220,2,NA,"ka-4'ak-te4","STRESS L2","STRESS L1",NA,NA,NA,"STRESSED SYLLABLE",0.87824120474868,1.31030225168053,0.334027933260838,1.16739281787201,NA
"291",1230,-842.843049266354,NA,217.998252868652,0.387978095362704,220,2,NA,"ka-4'ak-te4","STRESS L2","STRESS L1",NA,NA,NA,"STRESSED SYLLABLE",0.847228335976834,1.31030225168053,0.115162003158744,1.16739281787201,NA
"292",1235,-829.577271649888,NA,212.381050109863,0.328552842008201,220,2,NA,"ka-4'ak-te4","STRESS L2","STRESS L1",NA,NA,NA,"STRESSED SYLLABLE",0.793933640510462,1.31030225168053,-0.104697822518953,1.16739281787201,NA
"293",1240,-815.614208,NA,209.732116699219,0.271141961184668,220,2,NA,"ka-4'ak-te4","STRESS L2","STRESS L1",NA,NA,NA,"STRESSED SYLLABLE",0.768801184821532,1.31030225168053,-0.317104931236955,1.16739281787201,NA
"294",1245,-800.981005774864,NA,213.280002593994,0.21780952112999,220,2,NA,"ka-4'ak-te4","STRESS L2","STRESS L1",NA,NA,NA,"STRESSED SYLLABLE",0.80246268974329,1.31030225168053,-0.514422743303112,1.16739281787201,NA
"295",1250,-785.722223866316,NA,216.676319122314,0.170298265793126,220,2,NA,"ka-4'ak-te4","STRESS L2","STRESS L1",NA,NA,NA,"STRESSED SYLLABLE",0.834686140250044,1.31030225168053,-0.69020350529291,1.16739281787201,NA
"296",1255,-769.886774024611,NA,218.25789642334,0.129863149215065,220,2,NA,"ka-4'ak-te4","STRESS L2","STRESS L1",NA,NA,NA,"STRESSED SYLLABLE",0.84969177281027,1.31030225168053,-0.839804174709932,1.16739281787201,NA
"297",1260,-753.523568,NA,221.474266052246,0.0971824829884791,220,2,NA,"ka-4'ak-te4","STRESS L2","STRESS L1",NA,NA,NA,"STRESSED SYLLABLE",0.880207929559577,1.31030225168053,-0.960715154032893,1.16739281787201,NA
"298",1265,-736.6874255259,NA,227.50590133667,0.0723003753493625,220,2,NA,"ka-4'ak-te4","STRESS L2","STRESS L1",NA,NA,NA,"STRESSED SYLLABLE",0.937434663122759,1.31030225168053,-1.05277325289189,1.16739281787201,NA
"299",1270,-719.45679826838,NA,232.202083587646,0.0548200356739442,220,2,NA,"ka-4'ak-te4","STRESS L2","STRESS L1",NA,NA,NA,"STRESSED SYLLABLE",0.981990933150358,1.31030225168053,-1.11744650570745,1.16739281787201,NA
"300",1275,-701.91604587667,NA,231.455642700195,0.0440922997420342,220,2,NA,"ka-4'ak-te4","STRESS L2","STRESS L1",NA,NA,NA,"STRESSED SYLLABLE",0.974908877990766,1.31030225168053,-1.15713667139906,1.16739281787201,NA
"301",1280,-684.149528,NA,228.135944366455,0.0389055421561192,220,2,NA,"ka-4'ak-te4","STRESS L2","STRESS L1",NA,NA,NA,"STRESSED SYLLABLE",0.94341236285072,1.31030225168053,-1.17632648640698,1.16739281787201,NA
"302",1285,-666.229676371534,NA,225.352516174316,0.0378630413464026,220,2,NA,"ka-4'ak-te4","STRESS L2","STRESS L1",NA,NA,NA,"STRESSED SYLLABLE",0.917003852383398,1.31030225168053,-1.18018350061146,1.16739281787201,NA
"303",1290,-648.181211060163,NA,224.822650909424,0.0396683971246477,220,2,NA,"ka-4'ak-te4","STRESS L2","STRESS L1",NA,NA,NA,"STRESSED SYLLABLE",0.911976615670877,1.31030225168053,-1.17350409776023,1.16739281787201,NA
"304",1295,-630.016924218711,NA,225.720077514648,0.0431513648527392,220,2,NA,"ka-4'ak-te4","STRESS L2","STRESS L1",NA,NA,NA,"STRESSED SYLLABLE",0.920491187724384,1.31030225168053,-1.1606179149623,1.16739281787201,NA
"305",1300,-611.749608,NA,225.28959274292,0.047511100340196,220,2,NA,"ka-4'ak-te4","STRESS L2","STRESS L1",NA,NA,NA,"STRESSED SYLLABLE",0.916406849701107,1.31030225168053,-1.14448789228398,1.16739281787201,NA
"306",1305,-593.410189862963,NA,0,0.0521442510252791,220,2,NA,"ka-4'ak-te4","STRESS L2","STRESS L1",NA,NA,NA,"STRESSED SYLLABLE",-1.22108769207779,1.31030225168053,-1.12734629600194,1.16739281787201,NA
"307",1310,-575.102138490966,NA,0,0.056426380619407,220,2,NA,"ka-4'ak-te4","STRESS L2","STRESS L1",NA,NA,NA,"STRESSED SYLLABLE",-1.22108769207779,1.31030225168053,-1.11150339735281,1.16739281787201,NA
"308",1315,-556.947057873487,NA,0,0.0597582550274397,220,2,NA,"ka-4'ak-te4","STRESS L2","STRESS L1",NA,NA,NA,"STRESSED SYLLABLE",-1.22108769207779,1.31030225168053,-1.09917622523021,1.16739281787201,NA
"309",1320,-539.066552,NA,0,0.0616898177083902,220,2,NA,"ka-4'ak-te4","STRESS L2","STRESS L1",NA,NA,NA,"STRESSED SYLLABLE",-1.22108769207779,1.31030225168053,-1.09202988574747,1.16739281787201,NA
"310",1325,-521.567545176615,NA,0,0.0619319617262999,220,2,NA,"ka-4'ak-te4","STRESS L2","STRESS L1",NA,NA,NA,"STRESSED SYLLABLE",-1.22108769207779,1.31030225168053,-1.09113400834583,1.16739281787201,NA
"311",1331,-501.138897368827,NA,0,0.0588193577648535,220,2,NA,"ka-4'ak-te4","STRESS L2","STRESS L1",NA,NA,NA,"STRESSED SYLLABLE",-1.22108769207779,1.31030225168053,-1.10264993004136,1.16739281787201,NA
"312",1336,-484.629494889314,NA,0,0.0549805452071102,220,2,NA,"ka-4'ak-te4","STRESS L2","STRESS L1",NA,NA,NA,"STRESSED SYLLABLE",-1.22108769207779,1.31030225168053,-1.11685265720047,1.16739281787201,NA
"314",1341,-468.623564431361,NA,0,0.0499920907062954,220,2,NA,"ka-4'ak-te4","STRESS L2","STRESS L1",NA,NA,NA,"STRESSED SYLLABLE",-1.22108769207779,1.31030225168053,-1.13530879621611,1.16739281787201,NA
"315",1346,-453.156856119463,NA,0,0.0442809816676623,115,3,NA,"ka-4'ak-te4",NA,NA,NA,NA,NA,NA,-1.22108769207779,-0.632827457848671,-1.15643859149303,0.434899486985736,NA
"316",1351,-438.270059342244,NA,0,0.0383833646238493,115,3,NA,"ka-4'ak-te4",NA,NA,NA,NA,NA,NA,-1.22108769207779,-0.632827457848671,-1.17825842366828,0.434899486985736,NA
"317",1356,-424.004531803138,NA,214.756729125977,0.0330900789023126,115,3,NA,"ka-4'ak-te4",NA,NA,NA,NA,NA,NA,0.816473522926404,-0.632827457848671,-1.19784236837705,0.434899486985736,NA
"319",1361,-410.401577063367,NA,214.223796844482,0.0293520257783997,115,3,NA,"ka-4'ak-te4",NA,NA,NA,NA,NA,NA,0.811417187083445,-0.632827457848671,-1.21167230871057,0.434899486985736,NA
"320",1366,-397.491020535938,NA,0,0.0278350451865513,115,3,NA,"ka-4'ak-te4",NA,NA,NA,NA,NA,NA,-1.22108769207779,-0.632827457848671,-1.21728478942632,0.434899486985736,NA
"321",1371,-385.277078369195,NA,0,0.0286823171063347,115,3,NA,"ka-4'ak-te4",NA,NA,NA,NA,NA,NA,-1.22108769207779,-0.632827457848671,-1.21415007739616,0.434899486985736,NA
"322",1376,-373.760501610135,NA,0,0.0319376930754526,115,3,NA,"ka-4'ak-te4",NA,NA,NA,NA,NA,NA,-1.22108769207779,-0.632827457848671,-1.20210593197509,0.434899486985736,NA
"324",1381,-362.94205574217,NA,0,0.0381132933327828,115,3,NA,"ka-4'ak-te4",NA,NA,NA,NA,NA,NA,-1.22108769207779,-0.632827457848671,-1.17925762558367,0.434899486985736,NA
"325",1386,-352.825566768786,NA,0,0.0484585431975794,115,3,NA,"ka-4'ak-te4",NA,NA,NA,NA,NA,NA,-1.22108769207779,-0.632827457848671,-1.1409825707295,0.434899486985736,NA
"326",1391,-343.421689117977,NA,0,0.0648230171836158,115,3,NA,"ka-4'ak-te4",NA,NA,NA,NA,NA,NA,-1.22108769207779,-0.632827457848671,-1.08043776536849,0.434899486985736,NA
"327",1396,-334.742001148324,NA,0,0.0890238436691298,115,3,NA,"ka-4'ak-te4",NA,NA,NA,NA,NA,NA,-1.22108769207779,-0.632827457848671,-0.990900250726021,0.434899486985736,NA
"329",1401,-326.798014062955,NA,0,0.122286474343485,115,3,NA,"ka-4'ak-te4",NA,NA,NA,NA,NA,NA,-1.22108769207779,-0.632827457848671,-0.867836136248987,0.434899486985736,NA
"330",1406,-319.587002108918,NA,0,0.164936849056812,115,3,NA,"ka-4'ak-te4",NA,NA,NA,NA,NA,NA,-1.22108769207779,-0.632827457848671,-0.710039519150511,0.434899486985736,NA
"331",1411,-313.074475003898,NA,0,0.216246615883658,115,3,NA,"ka-4'ak-te4",NA,NA,NA,NA,NA,NA,-1.22108769207779,-0.632827457848671,-0.520205134721106,0.434899486985736,NA
"332",1416,-307.221644516571,NA,0,0.274437137777936,115,3,NA,"ka-4'ak-te4",NA,NA,NA,NA,NA,NA,-1.22108769207779,-0.632827457848671,-0.304913532623115,0.434899486985736,NA
"334",1421,-301.989759028012,NA,0,0.336857659745844,115,3,NA,"ka-4'ak-te4",NA,NA,NA,NA,NA,NA,-1.22108769207779,-0.632827457848671,-0.0739718991612347,0.434899486985736,NA
"335",1426,-297.347828747541,NA,0,0.400333826204906,115,3,NA,"ka-4'ak-te4",NA,NA,NA,NA,NA,NA,-1.22108769207779,-0.632827457848671,0.160875377115799,0.434899486985736,NA
"336",1431,-293.282181548432,NA,0,0.461480976923484,115,3,NA,"ka-4'ak-te4",NA,NA,NA,NA,NA,NA,-1.22108769207779,-0.632827457848671,0.387105828628974,0.434899486985736,NA
"337",1436,-289.781488497393,NA,0,0.516982967141184,115,3,NA,"ka-4'ak-te4",NA,NA,NA,NA,NA,NA,-1.22108769207779,-0.632827457848671,0.592450479348986,0.434899486985736,NA
"339",1441,-286.834386840996,NA,224.770721435547,0.563942623979605,115,3,NA,"ka-4'ak-te4",NA,NA,NA,NA,NA,NA,0.911483921065601,-0.632827457848671,0.766190453241705,0.434899486985736,NA
"340",1446,-284.422343956918,NA,218.246532440186,0.600246339165643,115,3,NA,"ka-4'ak-te4",NA,NA,NA,NA,NA,NA,0.849583954017269,-0.632827457848671,0.900505883832129,0.434899486985736,NA
"341",1451,-282.510830298375,NA,215.726375579834,0.62473019019417,115,3,NA,"ka-4'ak-te4",NA,NA,NA,NA,NA,NA,0.825673299877222,-0.632827457848671,0.991090524455164,0.434899486985736,NA
"342",1456,-281.063151829857,NA,214.043521881104,0.637051596618003,115,3,NA,"ka-4'ak-te4",NA,NA,NA,NA,NA,NA,0.809706780732445,-0.632827457848671,1.03667690592648,0.434899486985736,NA
"344",1461,-280.042634073005,NA,211.554672241211,0.63773917003416,115,3,NA,"ka-4'ak-te4",NA,NA,NA,NA,NA,NA,0.786093162119137,-0.632827457848671,1.03922077007318,0.434899486985736,NA
"345",1466,-279.416748664786,NA,209.271842956543,0.628460931337339,115,3,NA,"ka-4'ak-te4",NA,NA,NA,NA,NA,NA,0.76443421606494,-0.632827457848671,1.00489341213479,0.434899486985736,NA
"346",1471,-279.162217773069,NA,208.589496612549,0.611946190838466,115,3,NA,"ka-4'ak-te4",NA,NA,NA,NA,NA,NA,0.75796027482277,-0.632827457848671,0.943792655095795,0.434899486985736,NA
"347",1476,-279.257015223179,NA,207.774765014648,0.591488775546728,115,3,NA,"ka-4'ak-te4",NA,NA,NA,NA,NA,NA,0.75023029350262,-0.632827457848671,0.868104904418044,0.434899486985736,NA
"349",1481,-279.679106199985,NA,205.912136077881,0.570123017872542,115,3,NA,"ka-4'ak-te4",NA,NA,NA,NA,NA,NA,0.732558109283071,-0.632827457848671,0.789056494986864,0.434899486985736,NA
"350",1486,-280.404624111937,NA,204.525131225586,0.54977949488615,115,3,NA,"ka-4'ak-te4",NA,NA,NA,NA,NA,NA,0.719398534244093,-0.632827457848671,0.713790119751136,0.434899486985736,NA
"351",1491,-281.405615432349,NA,203.973720550537,0.531164706463376,115,3,NA,"ka-4'ak-te4",NA,NA,NA,NA,NA,NA,0.714166879759545,-0.632827457848671,0.644919666423094,0.434899486985736,NA
"352",1496,-282.653573645429,NA,203.339679718018,0.514130187816884,115,3,NA,"ka-4'ak-te4",NA,NA,NA,NA,NA,NA,0.708151249821761,-0.632827457848671,0.58189584929641,0.434899486985736,NA
"354",1501,-284.120004473054,NA,203.156585693359,0.497799874237907,115,3,NA,"ka-4'ak-te4",NA,NA,NA,NA,NA,NA,0.706414096881963,-0.632827457848671,0.521477429616859,0.434899486985736,NA
"355",1506,-285.779008023466,NA,204.368846893311,0.480761672579433,115,3,NA,"ka-4'ak-te4",NA,NA,NA,NA,NA,NA,0.717915745344983,-0.632827457848671,0.458439986189458,0.434899486985736,NA
"356",1511,-287.610472823535,NA,204.680885314941,0.461543010564589,115,3,NA,"ka-4'ak-te4",NA,NA,NA,NA,NA,NA,0.720876292323388,-0.632827457848671,0.387335338891861,0.434899486985736,NA
"357",1516,-289.595070611107,NA,204.023120880127,0.439043097445823,115,3,NA,"ka-4'ak-te4",NA,NA,NA,NA,NA,NA,0.714635578440095,-0.632827457848671,0.304090814101286,0.434899486985736,NA
"359",1521,-291.713468717798,NA,204.252616882324,0.412773900195749,115,3,NA,"ka-4'ak-te4",NA,NA,NA,NA,NA,NA,0.716812982403076,-0.632827457848671,0.206900801403486,0.434899486985736,NA
"360",1526,-293.945400354198,NA,205.104862213135,0.382769621605076,115,3,NA,"ka-4'ak-te4",NA,NA,NA,NA,NA,NA,0.724898885176857,-0.632827457848671,0.095891843289714,0.434899486985736,NA
"361",1531,-296.268514583513,NA,205.162528991699,0.349447935475911,115,3,NA,"ka-4'ak-te4",NA,NA,NA,NA,NA,NA,0.725446013976385,-0.632827457848671,-0.0273907628430884,0.434899486985736,NA
"362",1536,-298.660178470145,NA,204.765243530273,0.313621989000328,115,3,NA,"ka-4'ak-te4",NA,NA,NA,NA,NA,NA,0.721676663182206,-0.632827457848671,-0.159938558640801,0.434899486985736,NA
"364",1541,-301.097772854754,NA,201.236888885498,0.276428137549856,115,3,NA,"ka-4'ak-te4",NA,NA,NA,NA,NA,NA,0.68820046615577,-0.632827457848671,-0.29754728951823,0.434899486985736,NA
"365",1546,-303.56159914374,NA,0,0.239178540125909,115,3,NA,"ka-4'ak-te4",NA,NA,NA,NA,NA,NA,-1.22108769207779,-0.632827457848671,-0.435362267728545,0.434899486985736,NA
"366",1551,-306.038474911415,NA,0,0.203219365103304,115,3,NA,"ka-4'ak-te4",NA,NA,NA,NA,NA,NA,-1.22108769207779,-0.632827457848671,-0.56840297863339,0.434899486985736,NA
"367",1556,-308.516099412313,NA,0,0.169821571271245,115,3,NA,"ka-4'ak-te4",NA,NA,NA,NA,NA,NA,-1.22108769207779,-0.632827457848671,-0.691967165833945,0.434899486985736,NA
"369",1561,-310.982172329187,NA,0,0.140078067652218,115,3,NA,"ka-4'ak-te4",NA,NA,NA,NA,NA,NA,-1.22108769207779,-0.632827457848671,-0.802011316284799,0.434899486985736,NA
"370",1566,-313.42448412684,NA,0,0.11480033468565,115,3,NA,"ka-4'ak-te4",NA,NA,NA,NA,NA,NA,-1.22108769207779,-0.632827457848671,-0.895533138234858,0.434899486985736,NA
"371",1571,-315.831027816826,NA,0,0.0944269695396594,115,3,NA,"ka-4'ak-te4",NA,NA,NA,NA,NA,NA,-1.22108769207779,-0.632827457848671,-0.970909922625564,0.434899486985736,NA
"372",1576,-318.189823816601,NA,0,0.0789365051937195,115,3,NA,"ka-4'ak-te4",NA,NA,NA,NA,NA,NA,-1.22108769207779,-0.632827457848671,-1.02822109251571,0.434899486985736,NA
"374",1581,-320.488900322499,NA,0,0.0678314807094859,115,3,NA,"ka-4'ak-te4",NA,NA,NA,NA,NA,NA,-1.22108769207779,-0.632827457848671,-1.06930713943056,0.434899486985736,NA
"375",1586,-322.7179346529,NA,0,0.060232919910334,115,3,NA,"ka-4'ak-te4",NA,NA,NA,NA,NA,NA,-1.22108769207779,-0.632827457848671,-1.09742007388852,0.434899486985736,NA
"376",1591,-324.87028353528,NA,0,0.0550125702805146,115,3,NA,"ka-4'ak-te4",NA,NA,NA,NA,NA,NA,-1.22108769207779,-0.632827457848671,-1.11673417176442,0.434899486985736,NA
"377",1596,-326.939801545281,NA,0,0.0510701489414536,115,3,NA,"ka-4'ak-te4",NA,NA,NA,NA,NA,NA,-1.22108769207779,-0.632827457848671,-1.13132022768215,0.434899486985736,NA
"379",1601,-328.920342300817,NA,0,0.0476798477344679,115,3,NA,"ka-4'ak-te4",NA,NA,NA,NA,NA,NA,-1.22108769207779,-0.632827457848671,-1.14386356557784,0.434899486985736,NA
"380",1606,-330.805556381561,NA,0,0.0445844357759371,115,3,NA,"ka-4'ak-te4",NA,NA,NA,NA,NA,NA,-1.22108769207779,-0.632827457848671,-1.15531588080052,0.434899486985736,NA
"381",1611,-332.588641362054,NA,0,0.0417846689012107,NA,NA,NA,"ka-4'ak-te4",NA,NA,NA,NA,NA,NA,NA,NA,NA,NA,NA
"382",1616,-334.262733522274,NA,0,0.0392900599456655,NA,NA,NA,"ka-4'ak-te4",NA,NA,NA,NA,NA,NA,NA,NA,NA,NA,NA
"384",1621,-335.820981352233,NA,0,0.0369865774783622,NA,NA,NA,"ka-4'ak-te4",NA,NA,NA,NA,NA,NA,NA,NA,NA,NA,NA
"385",1626,-337.259121868858,NA,0,0.0347105234793574,NA,NA,NA,"ka-4'ak-te4",NA,NA,NA,NA,NA,NA,NA,NA,NA,NA,NA
"386",1631,-338.578667434506,NA,0,0.0323788048639604,NA,NA,NA,"ka-4'ak-te4",NA,NA,NA,NA,NA,NA,NA,NA,NA,NA,NA
"387",1636,-339.781911853622,NA,0,0.0300060918214877,NA,NA,NA,"ka-4'ak-te4",NA,NA,NA,NA,NA,NA,NA,NA,NA,NA,NA
"389",1641,-340.87115116725,NA,0,0.0276722768187089,NA,NA,NA,"ka-4'ak-te4",NA,NA,NA,NA,NA,NA,NA,NA,NA,NA,NA
"390",1646,-341.849155575008,NA,0,0.0254691589879876,NA,NA,NA,"ka-4'ak-te4",NA,NA,NA,NA,NA,NA,NA,NA,NA,NA,NA
"391",1651,-342.719753186924,NA,0,0.0234797586082001,NA,NA,NA,"ka-4'ak-te4",NA,NA,NA,NA,NA,NA,NA,NA,NA,NA,NA
"392",1656,-343.486915255238,NA,0,0.0217748135358692,NA,NA,NA,"ka-4'ak-te4",NA,NA,NA,NA,NA,NA,NA,NA,NA,NA,NA
"394",1661,-344.154613841768,NA,0,0.0204056782857275,NA,NA,NA,"ka-4'ak-te4",NA,NA,NA,NA,NA,NA,NA,NA,NA,NA,NA
"395",1666,-344.726992639111,NA,0,0.0193917677047881,NA,NA,NA,"ka-4'ak-te4",NA,NA,NA,NA,NA,NA,NA,NA,NA,NA,NA
"396",1671,-345.208578270798,NA,0,0.0187125378840286,NA,NA,NA,"ka-4'ak-te4",NA,NA,NA,NA,NA,NA,NA,NA,NA,NA,NA
"397",1676,-345.603949173427,NA,0,0.0183072293638647,NA,NA,NA,"ka-4'ak-te4",NA,NA,NA,NA,NA,NA,NA,NA,NA,NA,NA
"399",1681,-345.917685238679,NA,216.140777587891,0.0180808908863957,NA,NA,NA,"ka-4'ak-te4",NA,NA,NA,NA,NA,NA,NA,NA,NA,NA,NA
"400",1686,-346.15467483655,NA,214.713886260986,0.0179057958771853,NA,NA,NA,"ka-4'ak-te4",NA,NA,NA,NA,NA,NA,NA,NA,NA,NA,NA
"401",1691,-346.320494592884,NA,212.033275604248,0.0176468167589142,NA,NA,NA,"ka-4'ak-te4",NA,NA,NA,NA,NA,NA,NA,NA,NA,NA,NA
"402",1696,-346.420814259056,NA,0,0.017209263825747,NA,NA,NA,"ka-4'ak-te4",NA,NA,NA,NA,NA,NA,NA,NA,NA,NA,NA
"404",1701,-346.461304106515,NA,0,0.0165666302547285,NA,NA,NA,"ka-4'ak-te4",NA,NA,NA,NA,NA,NA,NA,NA,NA,NA,NA
"405",1706,-346.447744662691,NA,0,0.0157450122132037,NA,NA,NA,"ka-4'ak-te4",NA,NA,NA,NA,NA,NA,NA,NA,NA,NA,NA
"406",1711,-346.386162450667,NA,0,0.0147988110185414,NA,NA,NA,"ka-4'ak-te4",NA,NA,NA,NA,NA,NA,NA,NA,NA,NA,NA
"407",1716,-346.28261727835,NA,0,0.013806678360499,NA,NA,NA,"ka-4'ak-te4",NA,NA,NA,NA,NA,NA,NA,NA,NA,NA,NA
"409",1721,-346.14316705826,NA,0,0.0128592243683184,NA,NA,NA,"ka-4'ak-te4",NA,NA,NA,NA,NA,NA,NA,NA,NA,NA,NA
"410",1726,-345.973467880686,NA,0,0.0120385030542268,NA,NA,NA,"ka-4'ak-te4",NA,NA,NA,NA,NA,NA,NA,NA,NA,NA,NA
"411",1731,-345.778279317448,NA,0,0.0113971094934314,NA,NA,NA,"ka-4'ak-te4",NA,NA,NA,NA,NA,NA,NA,NA,NA,NA,NA
"412",1736,-345.562239635543,NA,0,0.010957216825114,NA,NA,NA,"ka-4'ak-te4",NA,NA,NA,NA,NA,NA,NA,NA,NA,NA,NA
"414",1741,-345.329983405443,NA,0,0.0107307949500264,NA,NA,NA,"ka-4'ak-te4",NA,NA,NA,NA,NA,NA,NA,NA,NA,NA,NA
"415",1746,-345.085361534566,NA,0,0.010707326854761,NA,NA,NA,"ka-4'ak-te4",NA,NA,NA,NA,NA,NA,NA,NA,NA,NA,NA
"416",1751,-344.830476474542,NA,0,0.0108547005321674,NA,NA,NA,"ka-4'ak-te4",NA,NA,NA,NA,NA,NA,NA,NA,NA,NA,NA
"417",1756,-344.567194099479,NA,0,0.0111389199462637,NA,NA,NA,"ka-4'ak-te4",NA,NA,NA,NA,NA,NA,NA,NA,NA,NA,NA
"419",1761,-344.297381381966,NA,0,0.0115129846666124,NA,NA,NA,"ka-4'ak-te4",NA,NA,NA,NA,NA,NA,NA,NA,NA,NA,NA
"420",1766,-344.023138173052,NA,0,0.0119214460120874,NA,NA,NA,"ka-4'ak-te4",NA,NA,NA,NA,NA,NA,NA,NA,NA,NA,NA
"421",1772,-343.691892422938,NA,0,0.0123207708596957,NA,NA,NA,"ka-4'ak-te4",NA,NA,NA,NA,NA,NA,NA,NA,NA,NA,NA
"422",1777,-343.417215339249,NA,0,0.0126833789498912,NA,NA,NA,"ka-4'ak-te4",NA,NA,NA,NA,NA,NA,NA,NA,NA,NA,NA
"424",1782,-343.146622599005,NA,0,0.0129880612228203,NA,NA,NA,"ka-4'ak-te4",NA,NA,NA,NA,NA,NA,NA,NA,NA,NA,NA
"425",1787,-342.881925920209,NA,0,0.013222028249098,NA,NA,NA,"ka-4'ak-te4",NA,NA,NA,NA,NA,NA,NA,NA,NA,NA,NA
"426",1792,-342.623825047488,NA,0,0.0133924059924231,NA,NA,NA,"ka-4'ak-te4",NA,NA,NA,NA,NA,NA,NA,NA,NA,NA,NA
"427",1797,-342.372945410422,NA,0,0.0135190212076863,NA,NA,NA,"ka-4'ak-te4",NA,NA,NA,NA,NA,NA,NA,NA,NA,NA,NA
"429",1802,-342.129914559819,NA,0,0.0136105098426924,NA,NA,NA,"ka-4'ak-te4",NA,NA,NA,NA,NA,NA,NA,NA,NA,NA,NA
"430",1807,-341.895442509398,NA,0,0.0136640642679284,NA,NA,NA,"ka-4'ak-te4",NA,NA,NA,NA,NA,NA,NA,NA,NA,NA,NA
"431",1812,-341.67034639511,NA,0,0.013684492560134,NA,NA,NA,"ka-4'ak-te4",NA,NA,NA,NA,NA,NA,NA,NA,NA,NA,NA
"432",1817,-341.455450512065,NA,0,0.0136810036831125,NA,NA,NA,"ka-4'ak-te4",NA,NA,NA,NA,NA,NA,NA,NA,NA,NA,NA
"434",1822,-341.251554545718,NA,0,0.0136464483955404,NA,NA,NA,"ka-4'ak-te4",NA,NA,NA,NA,NA,NA,NA,NA,NA,NA,NA
"435",1827,-341.058501481198,NA,0,0.0135637149721488,NA,NA,NA,"ka-4'ak-te4",NA,NA,NA,NA,NA,NA,NA,NA,NA,NA,NA
"436",1832,-340.874891516071,NA,0,0.0134259101611473,NA,NA,NA,"ka-4'ak-te4",NA,NA,NA,NA,NA,NA,NA,NA,NA,NA,NA
"437",1837,-340.699241790319,NA,0,0.0132346467179437,NA,NA,NA,"ka-4'ak-te4",NA,NA,NA,NA,NA,NA,NA,NA,NA,NA,NA
"439",1842,-340.53009098531,NA,0,0.0130053663343744,NA,NA,NA,"ka-4'ak-te4",NA,NA,NA,NA,NA,NA,NA,NA,NA,NA,NA
"440",1847,-340.366815203811,NA,0,0.0127722718777831,NA,NA,NA,"ka-4'ak-te4",NA,NA,NA,NA,NA,NA,NA,NA,NA,NA,NA
"441",1852,-340.209878388606,NA,0,0.0125823831677129,NA,NA,NA,"ka-4'ak-te4",NA,NA,NA,NA,NA,NA,NA,NA,NA,NA,NA
"442",1857,-340.059817184659,NA,0,0.0124805393618527,NA,NA,NA,"ka-4'ak-te4",NA,NA,NA,NA,NA,NA,NA,NA,NA,NA,NA
"444",1862,-339.917149353043,NA,0,0.0124918047431739,NA,NA,NA,"ka-4'ak-te4",NA,NA,NA,NA,NA,NA,NA,NA,NA,NA,NA
"445",1867,-339.78165854356,NA,0,0.0126255580923258,NA,NA,NA,"ka-4'ak-te4",NA,NA,NA,NA,NA,NA,NA,NA,NA,NA,NA
"446",1872,-339.652174769505,NA,0,0.012884718545542,NA,NA,NA,"ka-4'ak-te4",NA,NA,NA,NA,NA,NA,NA,NA,NA,NA,NA
"447",1877,-339.527464311044,NA,0,0.0132576123658057,NA,NA,NA,"ka-4'ak-te4",NA,NA,NA,NA,NA,NA,NA,NA,NA,NA,NA
"449",1882,-339.406307002518,NA,0,0.013714112494373,NA,NA,NA,"ka-4'ak-te4",NA,NA,NA,NA,NA,NA,NA,NA,NA,NA,NA
"450",1887,-339.288009596951,NA,0,0.0142105651294882,NA,NA,NA,"ka-4'ak-te4",NA,NA,NA,NA,NA,NA,NA,NA,NA,NA,NA
"451",1892,-339.172563333373,NA,0,0.0147106155160997,NA,NA,NA,"ka-4'ak-te4",NA,NA,NA,NA,NA,NA,NA,NA,NA,NA,NA
"452",1897,-339.060005196165,NA,0,0.0151803597219268,NA,NA,NA,"ka-4'ak-te4",NA,NA,NA,NA,NA,NA,NA,NA,NA,NA,NA
"454",1902,-338.950354764885,NA,0,0.0155646731924648,NA,NA,NA,"ka-4'ak-te4",NA,NA,NA,NA,NA,NA,NA,NA,NA,NA,NA
"455",1907,-338.842955006635,NA,0,0.0158004771930908,NA,NA,NA,"ka-4'ak-te4",NA,NA,NA,NA,NA,NA,NA,NA,NA,NA,NA
"456",1912,-338.736269945002,NA,0,0.0158364226217339,NA,NA,NA,"ka-4'ak-te4",NA,NA,NA,NA,NA,NA,NA,NA,NA,NA,NA
"457",1917,-338.628704862296,NA,0,0.0156619741702749,NA,NA,NA,"ka-4'ak-te4",NA,NA,NA,NA,NA,NA,NA,NA,NA,NA,NA
"459",1922,-338.518695953941,NA,0,0.0153188056171517,NA,NA,NA,"ka-4'ak-te4",NA,NA,NA,NA,NA,NA,NA,NA,NA,NA,NA
"460",1927,-338.405881162507,NA,0,0.0148647811093809,NA,NA,NA,"ka-4'ak-te4",NA,NA,NA,NA,NA,NA,NA,NA,NA,NA,NA
"461",1932,-338.29145954262,NA,0,0.0143633965337686,NA,NA,NA,"ka-4'ak-te4",NA,NA,NA,NA,NA,NA,NA,NA,NA,NA,NA
"462",1937,-338.176734480651,NA,0,0.0138690244206103,NA,NA,NA,"ka-4'ak-te4",NA,NA,NA,NA,NA,NA,NA,NA,NA,NA,NA
"464",1942,-338.062989451352,NA,0,0.0134137478015254,NA,NA,NA,"ka-4'ak-te4",NA,NA,NA,NA,NA,NA,NA,NA,NA,NA,NA
"465",1947,-337.950733865336,NA,0,0.0130301222034778,NA,NA,NA,"ka-4'ak-te4",NA,NA,NA,NA,NA,NA,NA,NA,NA,NA,NA
"466",1952,-337.839471596517,NA,0,0.0127181882864683,NA,NA,NA,"ka-4'ak-te4",NA,NA,NA,NA,NA,NA,NA,NA,NA,NA,NA
"467",1957,-337.7286393171,NA,0,0.0124415245346125,NA,NA,NA,"ka-4'ak-te4",NA,NA,NA,NA,NA,NA,NA,NA,NA,NA,NA
"469",1962,-337.617692152651,NA,0,0.0121830159864176,NA,NA,NA,"ka-4'ak-te4",NA,NA,NA,NA,NA,NA,NA,NA,NA,NA,NA
"470",1967,-337.506802603148,NA,0,0.0119605831263154,NA,NA,NA,"ka-4'ak-te4",NA,NA,NA,NA,NA,NA,NA,NA,NA,NA,NA
"471",1972,-337.39707506331,NA,0,0.0118066430153068,NA,NA,NA,"ka-4'ak-te4",NA,NA,NA,NA,NA,NA,NA,NA,NA,NA,NA
"472",1977,-337.289676207948,NA,0,0.0117428207904938,NA,NA,NA,"ka-4'ak-te4",NA,NA,NA,NA,NA,NA,NA,NA,NA,NA,NA
"474",1982,-337.185754906045,NA,0,0.0117755728651577,NA,NA,NA,"ka-4'ak-te4",NA,NA,NA,NA,NA,NA,NA,NA,NA,NA,NA
"475",1987,-337.085767825072,NA,0,0.0118972574998474,NA,NA,NA,"ka-4'ak-te4",NA,NA,NA,NA,NA,NA,NA,NA,NA,NA,NA
"476",1992,-336.989272438242,NA,0,0.012072012185891,NA,NA,NA,"ka-4'ak-te4",NA,NA,NA,NA,NA,NA,NA,NA,NA,NA,NA
"477",1997,-336.895766124109,NA,0,0.0122514915894777,NA,NA,NA,"ka-4'ak-te4",NA,NA,NA,NA,NA,NA,NA,NA,NA,NA,NA
"479",2002,-336.804758663168,NA,0,0.0124159737688868,NA,NA,NA,"ka-4'ak-te4",NA,NA,NA,NA,NA,NA,NA,NA,NA,NA,NA
"480",2007,-336.716241961566,NA,0,0.0125751264826027,NA,NA,NA,"ka-4'ak-te4",NA,NA,NA,NA,NA,NA,NA,NA,NA,NA,NA
"481",2012,-336.63083422372,NA,0,0.0127244480963094,NA,NA,NA,"ka-4'ak-te4",NA,NA,NA,NA,NA,NA,NA,NA,NA,NA,NA
"482",2017,-336.549195510616,NA,0,0.0128205566046816,NA,NA,NA,"ka-4'ak-te4",NA,NA,NA,NA,NA,NA,NA,NA,NA,NA,NA
"484",2022,-336.471959849283,NA,0,0.0128162470573062,NA,NA,NA,"ka-4'ak-te4",NA,NA,NA,NA,NA,NA,NA,NA,NA,NA,NA
"485",2027,-336.398749196665,NA,0,0.0127079306795124,NA,NA,NA,"ka-4'ak-te4",NA,NA,NA,NA,NA,NA,NA,NA,NA,NA,NA
"486",2032,-336.327870794877,NA,0,0.0125145748325105,NA,NA,NA,"ka-4'ak-te4",NA,NA,NA,NA,NA,NA,NA,NA,NA,NA,NA
"487",2037,-336.257544021426,NA,0,0.0122617331223309,NA,NA,NA,"ka-4'ak-te4",NA,NA,NA,NA,NA,NA,NA,NA,NA,NA,NA
"489",2042,-336.186013443701,NA,0,0.0119844307093713,NA,NA,NA,"ka-4'ak-te4",NA,NA,NA,NA,NA,NA,NA,NA,NA,NA,NA
"490",2047,-336.112502885773,NA,0,0.0117113521655034,NA,NA,NA,"ka-4'ak-te4",NA,NA,NA,NA,NA,NA,NA,NA,NA,NA,NA
"491",2052,-336.03750826077,NA,0,0.0114913069829452,NA,NA,NA,"ka-4'ak-te4",NA,NA,NA,NA,NA,NA,NA,NA,NA,NA,NA
"492",2057,-335.96161049768,NA,0,0.0113868453591993,NA,NA,NA,"ka-4'ak-te4",NA,NA,NA,NA,NA,NA,NA,NA,NA,NA,NA
"494",2062,-335.885365607912,NA,0,0.0114312178409461,NA,NA,NA,"ka-4'ak-te4",NA,NA,NA,NA,NA,NA,NA,NA,NA,NA,NA
"495",2067,-335.808360932245,NA,0,0.0116153477820019,NA,NA,NA,"ka-4'ak-te4",NA,NA,NA,NA,NA,NA,NA,NA,NA,NA,NA
"496",2072,-335.728925474041,NA,0,0.0119035278042305,NA,NA,NA,"ka-4'ak-te4",NA,NA,NA,NA,NA,NA,NA,NA,NA,NA,NA
"497",2077,-335.645304139855,NA,0,0.0122515367978798,NA,NA,NA,"ka-4'ak-te4",NA,NA,NA,NA,NA,NA,NA,NA,NA,NA,NA
"499",2082,-335.555767444652,NA,0,0.0126181103159743,NA,NA,NA,"ka-4'ak-te4",NA,NA,NA,NA,NA,NA,NA,NA,NA,NA,NA
"500",2087,-335.459581430249,NA,0,0.0129688885808364,NA,NA,NA,"ka-4'ak-te4",NA,NA,NA,NA,NA,NA,NA,NA,NA,NA,NA
"501",2092,-335.357305363067,NA,0,0.0132629047908985,NA,NA,NA,"ka-4'ak-te4",NA,NA,NA,NA,NA,NA,NA,NA,NA,NA,NA
"502",2097,-335.249584937899,NA,0,0.0134691761101655,NA,NA,NA,"ka-4'ak-te4",NA,NA,NA,NA,NA,NA,NA,NA,NA,NA,NA
"504",2102,-335.137058869482,NA,0,0.0135857553693422,NA,NA,NA,"ka-4'ak-te4",NA,NA,NA,NA,NA,NA,NA,NA,NA,NA,NA
"505",2107,-335.020094522758,NA,0,0.013622026591109,NA,NA,NA,"ka-4'ak-te4",NA,NA,NA,NA,NA,NA,NA,NA,NA,NA,NA
"506",2112,-334.898706769692,NA,0,0.0135933706786467,NA,NA,NA,"ka-4'ak-te4",NA,NA,NA,NA,NA,NA,NA,NA,NA,NA,NA
"507",2117,-334.772886924549,NA,0,0.0135321170742748,NA,NA,NA,"ka-4'ak-te4",NA,NA,NA,NA,NA,NA,NA,NA,NA,NA,NA
"509",2122,-334.642652989421,NA,0,0.0134716401922042,NA,NA,NA,"ka-4'ak-te4",NA,NA,NA,NA,NA,NA,NA,NA,NA,NA,NA
"510",2127,-334.509060455718,NA,0,0.0134108254172758,NA,NA,NA,"ka-4'ak-te4",NA,NA,NA,NA,NA,NA,NA,NA,NA,NA,NA
"511",2132,-334.374512550165,NA,0,0.0133431454803176,NA,NA,NA,"ka-4'ak-te4",NA,NA,NA,NA,NA,NA,NA,NA,NA,NA,NA
"512",2137,-334.241502570906,NA,0,0.0132704758163375,NA,NA,NA,"ka-4'ak-te4",NA,NA,NA,NA,NA,NA,NA,NA,NA,NA,NA
"514",2142,-334.112487548833,NA,0,0.0131750069434647,NA,NA,NA,"ka-4'ak-te4",NA,NA,NA,NA,NA,NA,NA,NA,NA,NA,NA
"515",2147,-333.988514625368,NA,0,0.0130285749437247,NA,NA,NA,"ka-4'ak-te4",NA,NA,NA,NA,NA,NA,NA,NA,NA,NA,NA
"516",2152,-333.868799445648,NA,0,0.0128071588617232,NA,NA,NA,"ka-4'ak-te4",NA,NA,NA,NA,NA,NA,NA,NA,NA,NA,NA
"517",2157,-333.752435252827,NA,0,0.0125001198300533,NA,NA,NA,"ka-4'ak-te4",NA,NA,NA,NA,NA,NA,NA,NA,NA,NA,NA
"519",2162,-333.638551375248,NA,0,0.012112869833799,NA,NA,NA,"ka-4'ak-te4",NA,NA,NA,NA,NA,NA,NA,NA,NA,NA,NA
"520",2167,-333.527679952809,NA,0,0.0116585086365451,NA,NA,NA,"ka-4'ak-te4",NA,NA,NA,NA,NA,NA,NA,NA,NA,NA,NA
"521",2172,-333.422175427244,NA,0,0.0111388724026983,NA,NA,NA,"ka-4'ak-te4",NA,NA,NA,NA,NA,NA,NA,NA,NA,NA,NA
"522",2177,-333.324514027785,NA,0,0.010557096932148,NA,NA,NA,"ka-4'ak-te4",NA,NA,NA,NA,NA,NA,NA,NA,NA,NA,NA
"524",2182,-333.237142262176,NA,0,0.00994655275947423,NA,NA,NA,"ka-4'ak-te4",NA,NA,NA,NA,NA,NA,NA,NA,NA,NA,NA
"525",2187,-333.161351215395,NA,0,0.00936286492941431,NA,NA,NA,"ka-4'ak-te4",NA,NA,NA,NA,NA,NA,NA,NA,NA,NA,NA
"526",2192,-333.096931037374,NA,0,0.00887497893769926,NA,NA,NA,"ka-4'ak-te4",NA,NA,NA,NA,NA,NA,NA,NA,NA,NA,NA
"527",2197,-333.043571568033,NA,0,0.00853566211723935,NA,NA,NA,"ka-4'ak-te4",NA,NA,NA,NA,NA,NA,NA,NA,NA,NA,NA
"529",2202,-333.000977288048,NA,0,0.00835800658206074,NA,NA,NA,"ka-4'ak-te4",NA,NA,NA,NA,NA,NA,NA,NA,NA,NA,NA
"530",2207,-332.969421837611,NA,0,0.00834718697748593,NA,NA,NA,"ka-4'ak-te4",NA,NA,NA,NA,NA,NA,NA,NA,NA,NA,NA
"531",2213,-332.947557202333,NA,0,0.00852919236367487,NA,NA,NA,"ka-4'ak-te4",NA,NA,NA,NA,NA,NA,NA,NA,NA,NA,NA
"532",2218,-332.943918156326,NA,0,0.00892051597654285,NA,NA,NA,"ka-4'ak-te4",NA,NA,NA,NA,NA,NA,NA,NA,NA,NA,NA
"534",2223,-332.954550760579,NA,0,0.00949501975817526,NA,NA,NA,"ka-4'ak-te4",NA,NA,NA,NA,NA,NA,NA,NA,NA,NA,NA
"535",2228,-332.978642061632,NA,0,0.010207635434155,NA,NA,NA,"ka-4'ak-te4",NA,NA,NA,NA,NA,NA,NA,NA,NA,NA,NA
"536",2233,-333.014025884732,NA,0,0.0110092102939814,NA,NA,NA,"ka-4'ak-te4",NA,NA,NA,NA,NA,NA,NA,NA,NA,NA,NA
"537",2238,-333.058501245577,NA,0,0.0118530724912518,NA,NA,NA,"ka-4'ak-te4",NA,NA,NA,NA,NA,NA,NA,NA,NA,NA,NA
"539",2243,-333.109991756239,NA,0,0.0126948934857733,NA,NA,NA,"ka-4'ak-te4",NA,NA,NA,NA,NA,NA,NA,NA,NA,NA,NA
"540",2248,-333.168285359735,NA,0,0.0134758021590361,NA,NA,NA,"ka-4'ak-te4",NA,NA,NA,NA,NA,NA,NA,NA,NA,NA,NA
"541",2253,-333.234605164738,NA,0,0.0141229904660461,NA,NA,NA,"ka-4'ak-te4",NA,NA,NA,NA,NA,NA,NA,NA,NA,NA,NA
"542",2258,-333.310211197364,NA,0,0.0145705521612327,NA,NA,NA,"ka-4'ak-te4",NA,NA,NA,NA,NA,NA,NA,NA,NA,NA,NA
"544",2263,-333.396231898466,NA,0,0.0147891892686945,NA,NA,NA,"ka-4'ak-te4",NA,NA,NA,NA,NA,NA,NA,NA,NA,NA,NA
"545",2268,-333.49182680343,NA,0,0.014790320513518,NA,NA,NA,"ka-4'ak-te4",NA,NA,NA,NA,NA,NA,NA,NA,NA,NA,NA
"546",2273,-333.594639780317,NA,0,0.0146041062909638,NA,NA,NA,"ka-4'ak-te4",NA,NA,NA,NA,NA,NA,NA,NA,NA,NA,NA
"547",2278,-333.702275708965,NA,0,0.0142712861182685,NA,NA,NA,"ka-4'ak-te4",NA,NA,NA,NA,NA,NA,NA,NA,NA,NA,NA
"549",2283,-333.812425043897,NA,0,0.0138223574272162,NA,NA,NA,"ka-4'ak-te4",NA,NA,NA,NA,NA,NA,NA,NA,NA,NA,NA
"550",2288,-333.924058690547,NA,0,0.0132736495216374,NA,NA,NA,"ka-4'ak-te4",NA,NA,NA,NA,NA,NA,NA,NA,NA,NA,NA
"551",2293,-334.037133247993,NA,0,0.0126467754472663,NA,NA,NA,"ka-4'ak-te4",NA,NA,NA,NA,NA,NA,NA,NA,NA,NA,NA
"552",2298,-334.151630670775,NA,0,0.0119845032523552,NA,NA,NA,"ka-4'ak-te4",NA,NA,NA,NA,NA,NA,NA,NA,NA,NA,NA
"554",2303,-334.267491111945,NA,0,0.0113626911423284,NA,NA,NA,"ka-4'ak-te4",NA,NA,NA,NA,NA,NA,NA,NA,NA,NA,NA
"555",2308,-334.384029250382,NA,0,0.0108698047315237,NA,NA,NA,"ka-4'ak-te4",NA,NA,NA,NA,NA,NA,NA,NA,NA,NA,NA
"556",2313,-334.500078273712,NA,0,0.0105690025732908,NA,NA,NA,"ka-4'ak-te4",NA,NA,NA,NA,NA,NA,NA,NA,NA,NA,NA
"557",2318,-334.614458983934,NA,0,0.010492846018851,NA,NA,NA,"ka-4'ak-te4",NA,NA,NA,NA,NA,NA,NA,NA,NA,NA,NA
"559",2323,-334.726089609323,NA,0,0.0106631335022008,NA,NA,NA,"ka-4'ak-te4",NA,NA,NA,NA,NA,NA,NA,NA,NA,NA,NA
"560",2328,-334.835346163926,NA,0,0.0110850515216807,NA,NA,NA,"ka-4'ak-te4",NA,NA,NA,NA,NA,NA,NA,NA,NA,NA,NA
"561",2333,-334.94372686816,NA,0,0.0117186509207157,NA,NA,NA,"ka-4'ak-te4",NA,NA,NA,NA,NA,NA,NA,NA,NA,NA,NA
"562",2338,-335.05275880949,NA,0,0.0124877478400579,NA,NA,NA,"ka-4'ak-te4",NA,NA,NA,NA,NA,NA,NA,NA,NA,NA,NA
"564",2343,-335.163865710762,NA,0,0.0133069618063728,NA,NA,NA,"ka-4'ak-te4",NA,NA,NA,NA,NA,NA,NA,NA,NA,NA,NA
"565",2348,-335.276924653914,NA,0,0.0140953227876988,NA,NA,NA,"ka-4'ak-te4",NA,NA,NA,NA,NA,NA,NA,NA,NA,NA,NA
"566",2353,-335.390622113647,NA,0,0.0147989940213162,NA,NA,NA,"ka-4'ak-te4",NA,NA,NA,NA,NA,NA,NA,NA,NA,NA,NA
"567",2358,-335.503613938107,NA,0,0.015398543077915,NA,NA,NA,"ka-4'ak-te4",NA,NA,NA,NA,NA,NA,NA,NA,NA,NA,NA
"569",2363,-335.614668616628,NA,0,0.0158594871831028,NA,NA,NA,"ka-4'ak-te4",NA,NA,NA,NA,NA,NA,NA,NA,NA,NA,NA
"570",2368,-335.724240084416,NA,0,0.0161234979171441,NA,NA,NA,"ka-4'ak-te4",NA,NA,NA,NA,NA,NA,NA,NA,NA,NA,NA
"571",2373,-335.834079736253,NA,0,0.0161775535538575,NA,NA,NA,"ka-4'ak-te4",NA,NA,NA,NA,NA,NA,NA,NA,NA,NA,NA
"572",2378,-335.945972342082,NA,0,0.01607040086909,NA,NA,NA,"ka-4'ak-te4",NA,NA,NA,NA,NA,NA,NA,NA,NA,NA,NA
"574",2383,-336.061644182727,NA,0,0.0158676086426963,NA,NA,NA,"ka-4'ak-te4",NA,NA,NA,NA,NA,NA,NA,NA,NA,NA,NA
"575",2388,-336.181946368421,NA,0,0.015618460141686,NA,NA,NA,"ka-4'ak-te4",NA,NA,NA,NA,NA,NA,NA,NA,NA,NA,NA
"576",2393,-336.307056301343,NA,0,0.0153696934255077,NA,NA,NA,"ka-4'ak-te4",NA,NA,NA,NA,NA,NA,NA,NA,NA,NA,NA
"577",2398,-336.437134053564,NA,0,0.0151771223680772,NA,NA,NA,"ka-4'ak-te4",NA,NA,NA,NA,NA,NA,NA,NA,NA,NA,NA
"579",2403,-336.572329009463,NA,0,0.0150874673776803,NA,NA,NA,"ka-4'ak-te4",NA,NA,NA,NA,NA,NA,NA,NA,NA,NA,NA
"580",2408,-336.712630633901,NA,0,0.0151093522952209,NA,NA,NA,"ka-4'ak-te4",NA,NA,NA,NA,NA,NA,NA,NA,NA,NA,NA
"581",2413,-336.857905285375,NA,0,0.0152189413487839,NA,NA,NA,"ka-4'ak-te4",NA,NA,NA,NA,NA,NA,NA,NA,NA,NA,NA
"582",2418,-337.008016155661,NA,0,0.0154061330325389,NA,NA,NA,"ka-4'ak-te4",NA,NA,NA,NA,NA,NA,NA,NA,NA,NA,NA
"584",2423,-337.16277045542,NA,0,0.0156737276896467,NA,NA,NA,"ka-4'ak-te4",NA,NA,NA,NA,NA,NA,NA,NA,NA,NA,NA
"585",2428,-337.321137751977,NA,0,0.0159823247685438,NA,NA,NA,"ka-4'ak-te4",NA,NA,NA,NA,NA,NA,NA,NA,NA,NA,NA
"586",2433,-337.481442793158,NA,0,0.0162574294058281,NA,NA,NA,"ka-4'ak-te4",NA,NA,NA,NA,NA,NA,NA,NA,NA,NA,NA
"587",2438,-337.641993739793,NA,0,0.0164481717086959,NA,NA,NA,"ka-4'ak-te4",NA,NA,NA,NA,NA,NA,NA,NA,NA,NA,NA
"589",2443,-337.801208138858,NA,0,0.0165467895469365,NA,NA,NA,"ka-4'ak-te4",NA,NA,NA,NA,NA,NA,NA,NA,NA,NA,NA
"590",2448,-337.959140278191,NA,0,0.0165677738839485,NA,NA,NA,"ka-4'ak-te4",NA,NA,NA,NA,NA,NA,NA,NA,NA,NA,NA
"591",2453,-338.117104411992,NA,0,0.0165056869782091,NA,NA,NA,"ka-4'ak-te4",NA,NA,NA,NA,NA,NA,NA,NA,NA,NA,NA
"592",2458,-338.276447205166,NA,0,0.0163281610140897,NA,NA,NA,"ka-4'ak-te4",NA,NA,NA,NA,NA,NA,NA,NA,NA,NA,NA
"594",2463,-338.438407836149,NA,0,0.0160306135640844,NA,NA,NA,"ka-4'ak-te4",NA,NA,NA,NA,NA,NA,NA,NA,NA,NA,NA
"595",2468,-338.602617167258,NA,0,0.0156380262359886,NA,NA,NA,"ka-4'ak-te4",NA,NA,NA,NA,NA,NA,NA,NA,NA,NA,NA
"596",2473,-338.767467975875,NA,0,0.0151722719930856,NA,NA,NA,"ka-4'ak-te4",NA,NA,NA,NA,NA,NA,NA,NA,NA,NA,NA
"597",2478,-338.931321191542,NA,0,0.0146420908726623,NA,NA,NA,"ka-4'ak-te4",NA,NA,NA,NA,NA,NA,NA,NA,NA,NA,NA
"599",2483,-339.092573615545,NA,0,0.0140531701984477,NA,NA,NA,"ka-4'ak-te4",NA,NA,NA,NA,NA,NA,NA,NA,NA,NA,NA
"600",2488,-339.250158796778,NA,0,0.0134358212243897,NA,NA,NA,"ka-4'ak-te4",NA,NA,NA,NA,NA,NA,NA,NA,NA,NA,NA
"601",2493,-339.403423473507,NA,0,0.01282483994877,NA,NA,NA,"ka-4'ak-te4",NA,NA,NA,NA,NA,NA,NA,NA,NA,NA,NA
"602",2498,-339.551725012665,NA,0,0.0122453208366235,NA,NA,NA,"ka-4'ak-te4",NA,NA,NA,NA,NA,NA,NA,NA,NA,NA,NA
"604",2503,-339.69443624267,NA,0,0.0117197953884056,NA,NA,NA,"ka-4'ak-te4",NA,NA,NA,NA,NA,NA,NA,NA,NA,NA,NA
"605",2508,-339.831161341631,NA,0,0.0112561138987246,NA,NA,NA,"ka-4'ak-te4",NA,NA,NA,NA,NA,NA,NA,NA,NA,NA,NA
"606",2513,-339.961682581096,NA,0,0.0108526061753251,NA,NA,NA,"ka-4'ak-te4",NA,NA,NA,NA,NA,NA,NA,NA,NA,NA,NA
"607",2518,-340.0857868138,NA,0,0.0104978438914571,NA,NA,NA,"ka-4'ak-te4",NA,NA,NA,NA,NA,NA,NA,NA,NA,NA,NA
"609",2523,-340.203301387773,NA,0,0.0101705990894097,NA,NA,NA,"ka-4'ak-te4",NA,NA,NA,NA,NA,NA,NA,NA,NA,NA,NA
"610",2528,-340.3146595807,NA,0,0.00987349195320798,NA,NA,NA,"ka-4'ak-te4",NA,NA,NA,NA,NA,NA,NA,NA,NA,NA,NA
"611",2533,-340.420761116109,NA,0,0.00963831372221233,NA,NA,NA,"ka-4'ak-te4",NA,NA,NA,NA,NA,NA,NA,NA,NA,NA,NA
"612",2538,-340.522517716137,NA,0,0.00948572699800715,NA,NA,NA,"ka-4'ak-te4",NA,NA,NA,NA,NA,NA,NA,NA,NA,NA,NA
"614",2543,-340.620742500237,NA,0,0.0094049952464792,NA,NA,NA,"ka-4'ak-te4",NA,NA,NA,NA,NA,NA,NA,NA,NA,NA,NA
"615",2548,-340.714773199571,NA,0,0.00937113756022518,NA,NA,NA,"ka-4'ak-te4",NA,NA,NA,NA,NA,NA,NA,NA,NA,NA,NA
"616",2553,-340.802811788469,NA,0,0.00935950528378046,NA,NA,NA,"ka-4'ak-te4",NA,NA,NA,NA,NA,NA,NA,NA,NA,NA,NA
"617",2558,-340.883031025653,NA,0,0.00934817478945453,NA,NA,NA,"ka-4'ak-te4",NA,NA,NA,NA,NA,NA,NA,NA,NA,NA,NA
"619",2563,-340.953685830277,NA,0,0.00931775987046764,NA,NA,NA,"ka-4'ak-te4",NA,NA,NA,NA,NA,NA,NA,NA,NA,NA,NA
"620",2568,-341.014260485016,NA,0,0.00927024521547404,NA,NA,NA,"ka-4'ak-te4",NA,NA,NA,NA,NA,NA,NA,NA,NA,NA,NA
"621",2573,-341.065185639014,NA,0,0.00921266881384304,NA,NA,NA,"ka-4'ak-te4",NA,NA,NA,NA,NA,NA,NA,NA,NA,NA,NA
"622",2578,-341.106916285251,NA,0,0.00912426240821162,NA,NA,NA,"ka-4'ak-te4",NA,NA,NA,NA,NA,NA,NA,NA,NA,NA,NA
"624",2583,-341.139896617655,NA,0,0.00898417102186458,NA,NA,NA,"ka-4'ak-te4",NA,NA,NA,NA,NA,NA,NA,NA,NA,NA,NA
"625",2588,-341.164409244367,NA,0,0.00879583373576545,NA,NA,NA,"ka-4'ak-te4",NA,NA,NA,NA,NA,NA,NA,NA,NA,NA,NA
"626",2593,-341.180612384473,NA,0,0.00859162795603296,NA,NA,NA,"ka-4'ak-te4",NA,NA,NA,NA,NA,NA,NA,NA,NA,NA,NA
"627",2598,-341.188661057341,NA,0,0.00842089627476458,NA,NA,NA,"ka-4'ak-te4",NA,NA,NA,NA,NA,NA,NA,NA,NA,NA,NA
"629",2603,-341.188720215105,NA,0,0.00831691482025007,NA,NA,NA,"ka-4'ak-te4",NA,NA,NA,NA,NA,NA,NA,NA,NA,NA,NA
"630",2608,-341.181103433518,NA,0,0.00831914038677574,NA,NA,NA,"ka-4'ak-te4",NA,NA,NA,NA,NA,NA,NA,NA,NA,NA,NA
"631",2613,-341.166238699093,NA,0,0.00847984450847877,NA,NA,NA,"ka-4'ak-te4",NA,NA,NA,NA,NA,NA,NA,NA,NA,NA,NA
"632",2618,-341.144556941383,NA,0,0.00881278809411682,NA,NA,NA,"ka-4'ak-te4",NA,NA,NA,NA,NA,NA,NA,NA,NA,NA,NA
"634",2623,-341.116463856926,NA,0,0.0092748451692335,NA,NA,NA,"ka-4'ak-te4",NA,NA,NA,NA,NA,NA,NA,NA,NA,NA,NA
"635",2628,-341.081987581561,NA,0,0.00981140646641673,NA,NA,NA,"ka-4'ak-te4",NA,NA,NA,NA,NA,NA,NA,NA,NA,NA,NA
"636",2633,-341.040865604155,NA,0,0.0103937326783268,NA,NA,NA,"ka-4'ak-te4",NA,NA,NA,NA,NA,NA,NA,NA,NA,NA,NA
"637",2638,-340.992827937125,NA,0,0.0109973095249105,NA,NA,NA,"ka-4'ak-te4",NA,NA,NA,NA,NA,NA,NA,NA,NA,NA,NA
"639",2643,-340.93767815019,NA,0,0.0115779449691814,NA,NA,NA,"ka-4'ak-te4",NA,NA,NA,NA,NA,NA,NA,NA,NA,NA,NA
"640",2648,-340.876320448238,NA,0,0.0120798339329405,NA,NA,NA,"ka-4'ak-te4",NA,NA,NA,NA,NA,NA,NA,NA,NA,NA,NA
"641",2654,-340.796964754247,NA,0,0.0124592967116195,NA,NA,NA,"ka-4'ak-te4",NA,NA,NA,NA,NA,NA,NA,NA,NA,NA,NA
"642",2659,-340.728143603924,NA,0,0.0126879017161755,NA,NA,NA,"ka-4'ak-te4",NA,NA,NA,NA,NA,NA,NA,NA,NA,NA,NA
"644",2664,-340.65868158972,NA,0,0.0127455546982521,NA,NA,NA,"ka-4'ak-te4",NA,NA,NA,NA,NA,NA,NA,NA,NA,NA,NA
"645",2669,-340.589633572141,NA,0,0.0126149875329053,NA,NA,NA,"ka-4'ak-te4",NA,NA,NA,NA,NA,NA,NA,NA,NA,NA,NA
"646",2674,-340.52177079349,NA,0,0.012293068326883,NA,NA,NA,"ka-4'ak-te4",NA,NA,NA,NA,NA,NA,NA,NA,NA,NA,NA
"647",2679,-340.455863158246,NA,0,0.0118186518183616,NA,NA,NA,"ka-4'ak-te4",NA,NA,NA,NA,NA,NA,NA,NA,NA,NA,NA
"649",2684,-340.392684919205,NA,0,0.0112771666768746,NA,NA,NA,"ka-4'ak-te4",NA,NA,NA,NA,NA,NA,NA,NA,NA,NA,NA
"650",2689,-340.333042465934,NA,0,0.0107648101315857,NA,NA,NA,"ka-4'ak-te4",NA,NA,NA,NA,NA,NA,NA,NA,NA,NA,NA
"651",2694,-340.277756591795,NA,0,0.0103370880220237,NA,NA,NA,"ka-4'ak-te4",NA,NA,NA,NA,NA,NA,NA,NA,NA,NA,NA
"652",2699,-340.227648158093,NA,0,0.0100072699557112,NA,NA,NA,"ka-4'ak-te4",NA,NA,NA,NA,NA,NA,NA,NA,NA,NA,NA
"654",2704,-340.183495597461,NA,0,0.00978963786222676,NA,NA,NA,"ka-4'ak-te4",NA,NA,NA,NA,NA,NA,NA,NA,NA,NA,NA
"655",2709,-340.145763768125,NA,0,0.00970193212152077,NA,NA,NA,"ka-4'ak-te4",NA,NA,NA,NA,NA,NA,NA,NA,NA,NA,NA
"656",2714,-340.114776983332,NA,0,0.00975159948528695,NA,NA,NA,"ka-4'ak-te4",NA,NA,NA,NA,NA,NA,NA,NA,NA,NA,NA
"657",2719,-340.090858893382,NA,0,0.00994023226706742,NA,NA,NA,"ka-4'ak-te4",NA,NA,NA,NA,NA,NA,NA,NA,NA,NA,NA
"659",2724,-340.07439969895,NA,0,0.010261523113131,NA,NA,NA,"ka-4'ak-te4",NA,NA,NA,NA,NA,NA,NA,NA,NA,NA,NA
"660",2729,-340.066281449567,NA,0,0.010692775718098,NA,NA,NA,"ka-4'ak-te4",NA,NA,NA,NA,NA,NA,NA,NA,NA,NA,NA
"661",2734,-340.067606642878,NA,0,0.0111907071078572,NA,NA,NA,"ka-4'ak-te4",NA,NA,NA,NA,NA,NA,NA,NA,NA,NA,NA
"662",2739,-340.079478816378,NA,0,0.011693260654786,NA,NA,NA,"ka-4'ak-te4",NA,NA,NA,NA,NA,NA,NA,NA,NA,NA,NA
"664",2744,-340.102794374738,NA,0,0.0121310385054034,NA,NA,NA,"ka-4'ak-te4",NA,NA,NA,NA,NA,NA,NA,NA,NA,NA,NA
"665",2749,-340.136918881608,NA,0,0.0124512247545357,NA,NA,NA,"ka-4'ak-te4",NA,NA,NA,NA,NA,NA,NA,NA,NA,NA,NA
"666",2754,-340.180531773157,NA,0,0.0126281953064767,NA,NA,NA,"ka-4'ak-te4",NA,NA,NA,NA,NA,NA,NA,NA,NA,NA,NA
"667",2759,-340.232309249107,NA,0,0.0126539926426361,NA,NA,NA,"ka-4'ak-te4",NA,NA,NA,NA,NA,NA,NA,NA,NA,NA,NA
"669",2764,-340.291035666097,NA,0,0.0125351050792936,NA,NA,NA,"ka-4'ak-te4",NA,NA,NA,NA,NA,NA,NA,NA,NA,NA,NA
"670",2769,-340.356294728002,NA,0,0.0122932063302412,NA,NA,NA,"ka-4'ak-te4",NA,NA,NA,NA,NA,NA,NA,NA,NA,NA,NA
"671",2774,-340.428028408494,NA,0,0.0119665305815126,NA,NA,NA,"ka-4'ak-te4",NA,NA,NA,NA,NA,NA,NA,NA,NA,NA,NA
"672",2779,-340.506180371196,NA,0,0.0116072192130808,NA,NA,NA,"ka-4'ak-te4",NA,NA,NA,NA,NA,NA,NA,NA,NA,NA,NA
"674",2784,-340.590620784875,NA,0,0.0112593907629282,NA,NA,NA,"ka-4'ak-te4",NA,NA,NA,NA,NA,NA,NA,NA,NA,NA,NA
"675",2789,-340.680676645383,NA,0,0.010950978429296,NA,NA,NA,"ka-4'ak-te4",NA,NA,NA,NA,NA,NA,NA,NA,NA,NA,NA
"676",2794,-340.775431496866,NA,0,0.0107130061867212,NA,NA,NA,"ka-4'ak-te4",NA,NA,NA,NA,NA,NA,NA,NA,NA,NA,NA
"677",2799,-340.873967735111,NA,0,0.0105895612442734,NA,NA,NA,"ka-4'ak-te4",NA,NA,NA,NA,NA,NA,NA,NA,NA,NA,NA
"679",2804,-340.975434090405,NA,0,0.0106140216748762,NA,NA,NA,"ka-4'ak-te4",NA,NA,NA,NA,NA,NA,NA,NA,NA,NA,NA
"680",2809,-341.079469546464,NA,0,0.0107729253786942,NA,NA,NA,"ka-4'ak-te4",NA,NA,NA,NA,NA,NA,NA,NA,NA,NA,NA
"681",2814,-341.185932820041,NA,0,0.0110160625727646,NA,NA,NA,"ka-4'ak-te4",NA,NA,NA,NA,NA,NA,NA,NA,NA,NA,NA
"682",2819,-341.294683664362,NA,0,0.0112871311627721,NA,NA,NA,"ka-4'ak-te4",NA,NA,NA,NA,NA,NA,NA,NA,NA,NA,NA
"684",2824,-341.405502757506,NA,0,0.0115431683722575,NA,NA,NA,"ka-4'ak-te4",NA,NA,NA,NA,NA,NA,NA,NA,NA,NA,NA
"685",2829,-341.517586362759,NA,0,0.0117646951939544,NA,NA,NA,"ka-4'ak-te4",NA,NA,NA,NA,NA,NA,NA,NA,NA,NA,NA
"686",2834,-341.629868806971,NA,0,0.0119317956663643,NA,NA,NA,"ka-4'ak-te4",NA,NA,NA,NA,NA,NA,NA,NA,NA,NA,NA
"687",2839,-341.741283181441,NA,0,0.0120230646874153,NA,NA,NA,"ka-4'ak-te4",NA,NA,NA,NA,NA,NA,NA,NA,NA,NA,NA
"689",2844,-341.850900223572,NA,0,0.012029400268625,NA,NA,NA,"ka-4'ak-te4",NA,NA,NA,NA,NA,NA,NA,NA,NA,NA,NA
"690",2849,-341.9588079615,NA,0,0.0119420346216481,NA,NA,NA,"ka-4'ak-te4",NA,NA,NA,NA,NA,NA,NA,NA,NA,NA,NA
"691",2854,-342.065550376077,NA,0,0.0117691469782855,NA,NA,NA,"ka-4'ak-te4",NA,NA,NA,NA,NA,NA,NA,NA,NA,NA,NA
"692",2859,-342.171673598875,NA,0,0.0115508710425902,NA,NA,NA,"ka-4'ak-te4",NA,NA,NA,NA,NA,NA,NA,NA,NA,NA,NA
"694",2864,-342.277558428207,NA,0,0.0113311131735161,NA,NA,NA,"ka-4'ak-te4",NA,NA,NA,NA,NA,NA,NA,NA,NA,NA,NA
"695",2869,-342.382363746242,NA,0,0.0111361336501499,NA,NA,NA,"ka-4'ak-te4",NA,NA,NA,NA,NA,NA,NA,NA,NA,NA,NA
"696",2874,-342.484700768723,NA,0,0.0109638766878089,NA,NA,NA,"ka-4'ak-te4",NA,NA,NA,NA,NA,NA,NA,NA,NA,NA,NA
"697",2879,-342.583178128058,NA,0,0.010793869106007,NA,NA,NA,"ka-4'ak-te4",NA,NA,NA,NA,NA,NA,NA,NA,NA,NA,NA
"699",2884,-342.676534607602,NA,0,0.0106013746424667,NA,NA,NA,"ka-4'ak-te4",NA,NA,NA,NA,NA,NA,NA,NA,NA,NA,NA
"700",2889,-342.764470887532,NA,0,0.0103777296176427,NA,NA,NA,"ka-4'ak-te4",NA,NA,NA,NA,NA,NA,NA,NA,NA,NA,NA
"701",2894,-342.847118773031,NA,0,0.0101359948039506,NA,NA,NA,"ka-4'ak-te4",NA,NA,NA,NA,NA,NA,NA,NA,NA,NA,NA
"702",2899,-342.924612102891,NA,0,0.00987139413420398,NA,NA,NA,"ka-4'ak-te4",NA,NA,NA,NA,NA,NA,NA,NA,NA,NA,NA
"704",2904,-342.997030629386,NA,0,0.0095712411191992,NA,NA,NA,"ka-4'ak-te4",NA,NA,NA,NA,NA,NA,NA,NA,NA,NA,NA
"705",2909,-343.06405437163,NA,0,0.00924689336097127,NA,NA,NA,"ka-4'ak-te4",NA,NA,NA,NA,NA,NA,NA,NA,NA,NA,NA
"706",2914,-343.125184187152,NA,0,0.00892677495198234,NA,NA,NA,"ka-4'ak-te4",NA,NA,NA,NA,NA,NA,NA,NA,NA,NA,NA
"707",2919,-343.179920088377,NA,0,0.00865120807023092,NA,NA,NA,"ka-4'ak-te4",NA,NA,NA,NA,NA,NA,NA,NA,NA,NA,NA
"709",2924,-343.227762010854,NA,0,0.00845102882165506,NA,NA,NA,"ka-4'ak-te4",NA,NA,NA,NA,NA,NA,NA,NA,NA,NA,NA
"710",2929,-343.268209321948,NA,0,0.00833393033305304,NA,NA,NA,"ka-4'ak-te4",NA,NA,NA,NA,NA,NA,NA,NA,NA,NA,NA
"711",2934,-343.300761134362,NA,0,0.00829799160869672,NA,NA,NA,"ka-4'ak-te4",NA,NA,NA,NA,NA,NA,NA,NA,NA,NA,NA
"712",2939,-343.324916559601,NA,0,0.0083361134712131,NA,NA,NA,"ka-4'ak-te4",NA,NA,NA,NA,NA,NA,NA,NA,NA,NA,NA
"714",2944,-343.340285743198,NA,0,0.0084527003365479,NA,NA,NA,"ka-4'ak-te4",NA,NA,NA,NA,NA,NA,NA,NA,NA,NA,NA
"715",2949,-343.347299441579,NA,0,0.00866718410829313,NA,NA,NA,"ka-4'ak-te4",NA,NA,NA,NA,NA,NA,NA,NA,NA,NA,NA
"716",2954,-343.346756211399,NA,0,0.00897128423158967,NA,NA,NA,"ka-4'ak-te4",NA,NA,NA,NA,NA,NA,NA,NA,NA,NA,NA
"717",2959,-343.339456344219,NA,0,0.00931161749215187,NA,NA,NA,"ka-4'ak-te4",NA,NA,NA,NA,NA,NA,NA,NA,NA,NA,NA
"719",2964,-343.326250216352,NA,0,0.00963322080521474,NA,NA,NA,"ka-4'ak-te4",NA,NA,NA,NA,NA,NA,NA,NA,NA,NA,NA
"720",2969,-343.308358361735,NA,0,0.00990499447656496,NA,NA,NA,"ka-4'ak-te4",NA,NA,NA,NA,NA,NA,NA,NA,NA,NA,NA
"721",2974,-343.287167220042,NA,0,0.0101165364475701,NA,NA,NA,"ka-4'ak-te4",NA,NA,NA,NA,NA,NA,NA,NA,NA,NA,NA
"722",2979,-343.264064013525,NA,0,0.0102632885211108,NA,NA,NA,"ka-4'ak-te4",NA,NA,NA,NA,NA,NA,NA,NA,NA,NA,NA
"724",2984,-343.240354607392,NA,0,0.0103408934414149,NA,NA,NA,"ka-4'ak-te4",NA,NA,NA,NA,NA,NA,NA,NA,NA,NA,NA
"725",2989,-343.216743587481,NA,0,0.010341763968111,NA,NA,NA,"ka-4'ak-te4",NA,NA,NA,NA,NA,NA,NA,NA,NA,NA,NA
"726",2994,-343.193666044432,NA,0,0.0102658690274178,NA,NA,NA,"ka-4'ak-te4",NA,NA,NA,NA,NA,NA,NA,NA,NA,NA,NA
"727",2999,-343.171555797683,NA,0,0.010143370186148,NA,NA,NA,"ka-4'ak-te4",NA,NA,NA,NA,NA,NA,NA,NA,NA,NA,NA
"729",3004,-343.15086293808,NA,0,0.00503800022385846,NA,NA,NA,"ka-4'ak-te4",NA,NA,NA,NA,NA,NA,NA,NA,NA,NA,NA
"730",3009,-343.132157812343,NA,0,0,NA,NA,NA,"ka-4'ak-te4",NA,NA,NA,NA,NA,NA,NA,NA,NA,NA,NA
"731",3014,-343.11606466623,NA,0,0,NA,NA,NA,"ka-4'ak-te4",NA,NA,NA,NA,NA,NA,NA,NA,NA,NA,NA
"732",3019,-343.103207999743,NA,0,0,NA,NA,NA,"ka-4'ak-te4",NA,NA,NA,NA,NA,NA,NA,NA,NA,NA,NA
"734",3024,-343.09421231288,NA,0,0,NA,NA,NA,"ka-4'ak-te4",NA,NA,NA,NA,NA,NA,NA,NA,NA,NA,NA
"735",3029,-343.089702105642,NA,0,0,NA,NA,NA,"ka-4'ak-te4",NA,NA,NA,NA,NA,NA,NA,NA,NA,NA,NA
"736",3034,-343.09030187803,NA,0,0,NA,NA,NA,"ka-4'ak-te4",NA,NA,NA,NA,NA,NA,NA,NA,NA,NA,NA
"737",3039,-343.096636130042,NA,0,0,NA,NA,NA,"ka-4'ak-te4",NA,NA,NA,NA,NA,NA,NA,NA,NA,NA,NA
"738",3044,-343.10932936168,NA,0,0,NA,NA,NA,"ka-4'ak-te4",NA,NA,NA,NA,NA,NA,NA,NA,NA,NA,NA
"739",3049,-343.129006072942,NA,0,0,NA,NA,NA,"ka-4'ak-te4",NA,NA,NA,NA,NA,NA,NA,NA,NA,NA,NA
